Keyword,Position,Previous position,Search Volume,Keyword Difficulty,CPC,URL,Traffic,Traffic (%),Traffic Cost,Competition,Number of Results,Trends,Timestamp,SERP Features by Keyword,Keyword Intents,Position Type
bureaux modulaires,1,1,1000,6,0.95,https://www.bcm.fr/batiments-modulaires/bureaux/,248,15.75,235.00,1,1620000,"[44,44,65,82,34,34,13,34,34,5,4,5]",2023-06-22,"Image pack, Reviews, Image, Indented, Related searches",informational,Organic
batiment modulaire,1,1,720,39,2.64,https://www.bcm.fr/,178,11.3,469.00,1,577000,"[72,59,48,72,88,100,72,59,88,88,100,72]",2023-06-23,"Local pack, Image pack, Sitelinks, Reviews, Find results on, Indented, Related searches",commercial,Organic
bureau modulaire,1,1,720,6,0.95,https://www.bcm.fr/batiments-modulaires/bureaux/,178,11.3,169.00,1,9680000,"[16,62,62,55,55,30,36,16,20,81,100,36]",2023-06-20,"Image pack, Reviews, Image, Ads bottom, Indented, Related searches",informational,Organic
batiments modulaires,1,1,480,37,2.64,https://www.bcm.fr/,119,7.56,314.00,1,70300,"[39,39,26,26,26,39,26,59,88,88,100,72]",2023-06-15,"Local pack, Sitelinks, Reviews, Ads bottom, Find results on, Indented, Related searches",informational,Organic
bcm issoire,1,1,110,24,1.65,https://www.bcm.fr/,88,5.59,145.00,0.2,82,"[64,82,64,52,64,64,82,64,82,82,100,64]",2023-06-23,"Knowledge panel, Image pack, Sitelinks, Reviews, Image, Indented, Related searches","informational, navigational",Organic
bcm,6,4,9900,52,0.00,https://www.bcm.fr/,69,4.38,0.00,0,91600000,"[54,36,44,36,81,81,54,81,81,66,81,100]",2023-06-25,"Knowledge panel, Local pack, Top stories, Image pack, Video Carousel, Find results on, Twitter carousel, Indented, Related searches","commercial, navigational",Organic
cabane de chantier,2,2,1600,18,0.73,https://www.bcm.fr/batiments-modulaires/cabane-de-chantier/,56,3.55,40.00,1,2830000,"[84,68,68,100,84,100,100,68,84,84,100,84]",2023-06-20,"Image pack, Reviews, Image, People also ask, Related searches",informational,Organic
batiments modulaire,1,1,170,39,2.44,https://www.bcm.fr/,42,2.66,102.00,1,5240000,"[23,36,36,23,15,19,19,23,12,36,36,44]",2023-05-31,"Local pack, Image pack, Sitelinks, Reviews, Ads bottom, People also ask, Find results on, Indented, Related searches",informational,Organic
bâtiment modulaire,1,1,170,39,2.64,https://www.bcm.fr/,42,2.66,110.00,1,4570000,"[44,35,54,15,23,11,18,23,23,23,28,23]",2023-06-13,"Local pack, Image pack, Sitelinks, Reviews, Image, Ads bottom, Find results on, Indented, Related searches",commercial,Organic
construction modulaire,2,2,1300,45,1.63,https://www.bcm.fr/,39,2.47,63.00,0.96,7800000,"[81,81,81,81,100,81,100,55,100,100,100,62]",2023-06-20,"Knowledge panel, Local pack, Sitelinks, Reviews, Ads bottom, Find results on",commercial,Organic
cabanes de chantier,1,1,140,18,0.73,https://www.bcm.fr/batiments-modulaires/cabane-de-chantier/,34,2.16,24.00,1,5880000,"[5,11,2,100,2,14,5,1,1,0,5,3]",2023-06-19,"Local pack, Image pack, Sitelinks, Reviews, Image, People also ask, Find results on, Indented",informational,Organic
constructions modulaires,2,2,260,42,1.63,https://www.bcm.fr/,34,2.16,55.00,0.96,353000,"[54,54,54,35,29,54,43,100,54,54,54,35]",2023-06-23,"Knowledge panel, Local pack, Sitelinks, Reviews, People also ask, Find results on, Related searches",commercial,Organic
batiment modulaire,2,2,720,39,2.64,http://www.bcm.fr/,31,1.96,81.00,1,577000,"[72,59,48,72,88,100,72,59,88,88,100,72]",2023-06-23,"Local pack, Image pack, Sitelinks, Reviews, Find results on, Indented, Related searches",commercial,Local pack
bcm,8,4,9900,52,0.00,http://www.bcm.fr/,29,1.84,0.00,0,91600000,"[54,36,44,36,81,81,54,81,81,66,81,100]",2023-06-25,"Knowledge panel, Local pack, Top stories, Image pack, Video Carousel, Find results on, Twitter carousel, Indented, Related searches","commercial, navigational",Local pack
modulaire,5,5,1300,47,1.02,https://www.bcm.fr/,28,1.77,28.00,0.27,18000000,"[81,100,62,62,81,81,100,81,100,100,100,81]",2023-06-24,"Instant answer, Sitelinks, Reviews, Image, People also ask, Related searches",informational,Organic
bâtiments modulaires,1,1,90,39,2.64,https://www.bcm.fr/,22,1.39,58.00,1,843000,"[43,53,23,5,28,35,28,12,5,17,28,5]",2023-06-07,"Local pack, Image pack, Reviews, Ads bottom, People also ask, Find results on, Indented, Related searches",commercial,Organic
constructeur modulaire,1,1,590,37,1.63,https://www.bcm.fr/,20,1.27,32.00,0.96,9330000,"[54,54,54,54,0,3,0,10,2,0,0,30]",2023-06-13,"Local pack, Image pack, Sitelinks, Reviews, Find results on, Indented, Related searches",commercial,Organic
construction modulable,2,2,140,43,1.63,https://www.bcm.fr/,18,1.14,29.00,0.96,10900000,"[53,66,66,23,35,43,28,17,23,23,28,28]",2023-06-07,"Knowledge panel, Local pack, Sitelinks, Reviews, Image, People also ask, Find results on, Indented, Related searches",informational,Organic
bureau de chantier,3,3,210,4,1.38,https://www.bcm.fr/bureau-de-chantier-modulaire-quels-avantages/,17,1.08,23.00,1,26900000,"[65,65,65,80,100,80,80,65,80,80,65,80]",2023-06-21,"Image pack, Reviews, Image, Related searches",informational,Organic
dimensions bungalow chantier,1,1,70,11,0.54,https://www.bcm.fr/toutes-les-caracteristiques-et-dimensions-dun-bungalow-de-chantier/,17,1.08,9.00,0.18,99,"[63,100,45,36,45,45,45,27,63,63,63,36]",2023-06-09,"Reviews, Featured snippet, Image, People also ask, Indented, Related searches",informational,Organic
abri de chantier,3,3,260,14,0.95,https://www.bcm.fr/batiments-modulaires/cabane-de-chantier/,16,1.01,15.00,1,7260000,"[26,26,21,21,39,32,32,21,26,32,32,26]",2023-06-17,"Image pack, Reviews, Image, Related searches",informational,Organic
baraque de chantier,2,2,320,20,0.90,https://www.bcm.fr/batiments-modulaires/cabane-de-chantier/,14,0.88,12.00,1,1130000,"[66,66,54,66,81,81,54,54,81,66,81,66]",2023-06-23,"Image pack, Sitelinks, Reviews, Image, Video Carousel, People also ask, Related searches",informational,Organic
dimension bungalow chantier,2,2,170,13,0.54,https://www.bcm.fr/toutes-les-caracteristiques-et-dimensions-dun-bungalow-de-chantier/,13,0.82,7.00,0.18,135000,"[80,80,53,42,53,53,65,42,65,80,65,53]",2023-06-03,"Image pack, Reviews, Featured snippet, Image, People also ask, Related searches",informational,Organic
batiment modulable,2,2,320,36,2.64,https://www.bcm.fr/,11,0.69,29.00,1,7250000,"[72,88,59,88,14,17,14,5,11,11,11,11]",2023-06-19,"Image pack, Sitelinks, Reviews, Image, People also ask, Indented, Related searches",informational,Organic
locaux sociaux,4,4,170,17,0.00,https://www.bcm.fr/batiments-modulaires/locaux-sociaux/,11,0.69,0.00,0.01,62700000,"[80,80,66,66,66,100,80,100,100,66,100,100]",2023-06-20,"Image pack, Reviews, Featured snippet, Indented",informational,Organic
bureau préfabriqué,4,4,260,5,1.88,https://www.bcm.fr/batiments-modulaires/bureaux/,11,0.69,20.00,1,578000,"[66,53,66,43,66,82,66,66,100,82,82,82]",2023-06-13,"Image pack, Reviews, Image, Ads top, Shopping ads, Indented, Related searches",informational,Organic
bureau préfabriqué prix,1,1,40,14,1.40,https://www.bcm.fr/nos-realisations/,9,0.57,12.00,1,284000,"[14,35,35,14,21,28,35,21,28,28,50,21]",2023-06-09,"Sitelinks, Reviews, Featured snippet, Image, Ads top, Ads bottom, Indented, Related searches",navigational,Organic
cabanes de chantier,1,1,140,18,0.73,https://www.bcm.fr/batiments-modulaires/cabane-de-chantier/,9,0.57,6.00,1,5880000,"[5,11,2,100,2,14,5,1,1,0,5,3]",2023-06-19,"Local pack, Image pack, Sitelinks, Reviews, Image, People also ask, Find results on, Indented",informational,People also ask
module bureau,2,2,110,3,1.53,https://www.bcm.fr/batiments-modulaires/bureaux/,9,0.57,13.00,1,47500000,"[41,64,52,82,82,64,64,64,82,82,64,64]",2023-06-11,"Image pack, Reviews, Image, Ads bottom, Indented, Related searches","informational, transactional",Organic
bungalow de chantier,10,10,1900,17,1.37,https://www.bcm.fr/toutes-les-caracteristiques-et-dimensions-dun-bungalow-de-chantier/,9,0.57,12.00,1,1990000,"[79,79,66,54,79,79,79,66,79,100,100,79]",2023-06-24,"Local pack, Image pack, Sitelinks, Reviews, Image, Find results on, Indented, Related searches",informational,Organic
constructions modulaires,3,3,260,42,1.63,http://www.bcm.fr/,9,0.57,14.00,0.96,353000,"[54,54,54,35,29,54,43,100,54,54,54,35]",2023-06-23,"Knowledge panel, Local pack, Sitelinks, Reviews, People also ask, Find results on, Related searches",commercial,Local pack
bureau modulaire prix,1,1,40,14,1.65,https://www.bcm.fr/batiments-modulaires/bureaux/,9,0.57,14.00,1,5260000,"[3,3,3,3,3,3,3,3,3,18,15,18]",2023-06-24,"Sitelinks, Reviews, Featured snippet, Image, Ads top, Ads bottom, Shopping ads, Indented, Related searches",transactional,Organic
préfabriqué occasion,3,3,110,4,0.70,https://www.bcm.fr/batiments-modulaires/occasion/,9,0.57,6.00,0.99,189000,"[52,52,42,66,42,52,52,52,52,42,66,42]",2023-06-19,"Reviews, Image, Indented, Related searches","commercial, informational",Organic
cabane chantier,2,2,210,22,0.74,https://www.bcm.fr/batiments-modulaires/cabane-de-chantier/,6,0.38,4.00,1,2100000,"[66,66,53,53,66,66,53,43,53,66,66,53]",2023-06-06,"Knowledge panel, Image pack, Reviews, Image, People also ask, Related searches",informational,Organic
cabanon de chantier,2,1,50,14,0.73,https://www.bcm.fr/batiments-modulaires/cabane-de-chantier/,6,0.38,4.00,1,270000,"[6,6,6,6,6,6,9,9,100,34,6,12]",2023-06-25,"Image pack, Reviews, Image, Indented, Related searches",informational,Organic
bcm construction,2,2,170,29,1.20,https://www.bcm.fr/,5,0.31,6.00,0.01,6940000,"[80,80,53,34,80,80,53,53,100,65,65,53]",2023-06-21,"Local pack, Image pack, Sitelinks, Reviews, FAQ, Find results on, Indented, Related searches",commercial,Organic
dimension bungalow,2,2,70,16,0.65,https://www.bcm.fr/toutes-les-caracteristiques-et-dimensions-dun-bungalow-de-chantier/,5,0.31,3.00,0.11,4040000,"[50,78,64,35,50,64,64,35,64,35,64,64]",2023-06-17,"Image pack, Reviews, Featured snippet, Image, People also ask, Indented, Related searches",informational,Organic
laccess,2,2,40,23,0.00,https://www.bcm.fr/bcm-lentreprise/laccess/,5,0.31,0.00,0,75800,"[45,18,45,18,100,63,100,0,0,0,0,0]",2023-06-13,"Knowledge panel, Image pack, Reviews, Indented",informational,Organic
bâtiment modulaire,2,2,170,39,2.64,http://www.bcm.fr/,5,0.31,13.00,1,4570000,"[44,35,54,15,23,11,18,23,23,23,28,23]",2023-06-13,"Local pack, Image pack, Sitelinks, Reviews, Image, Ads bottom, Find results on, Indented, Related searches",commercial,Local pack
cabane de chantier mobile,2,2,40,6,0.74,https://www.bcm.fr/batiments-modulaires/cabane-de-chantier/,5,0.31,3.00,0.99,498000,"[6,6,8,8,14,10,10,8,10,8,8,6]",2023-06-16,"Image pack, Reviews, Image, Related searches",informational,Organic
modulaires,3,4,210,38,1.02,https://www.bcm.fr/,4,0.25,4.00,0.27,9190000,"[100,44,35,18,28,28,23,18,44,23,23,18]",2023-06-25,"Instant answer, Local pack, Sitelinks, Reviews, People also ask, Find results on, Indented, Related searches","commercial, informational",Organic
construction modulaires,2,2,140,41,1.63,https://www.bcm.fr/,4,0.25,6.00,0.96,9360000,"[36,19,6,2,6,100,9,1,12,6,5,2]",2023-06-23,"Knowledge panel, Local pack, Sitelinks, Reviews, Ads bottom, People also ask, Find results on, Indented, Related searches",commercial,Organic
cabine de chantier,1,1,110,18,0.77,https://www.bcm.fr/batiments-modulaires/cabane-de-chantier/,4,0.25,3.00,1,6520000,"[100,82,52,52,64,64,64,41,41,82,64,82]",2023-06-13,"Image pack, Sitelinks, Reviews, Image, People also ask",informational,Organic
structure modulaire,4,4,140,34,1.68,https://www.bcm.fr/,4,0.25,8.00,1,3730000,"[65,65,53,53,26,42,65,42,42,53,65,42]",2023-06-03,"Knowledge panel, Sitelinks, Reviews, Image, Ads bottom, People also ask, Indented, Related searches",informational,Organic
batiment modulaires,1,1,70,31,2.64,http://www.bcm.fr/,4,0.25,12.00,1,6100000,"[78,78,35,78,78,64,78,21,50,0,7,0]",2023-06-04,"Local pack, Image pack, Sitelinks, Reviews, Image, Ads bottom, Find results on, Indented, Related searches",commercial,Local pack
construction modulaire préfabriquée,3,3,50,26,1.65,https://www.bcm.fr/,4,0.25,6.00,1,80400,"[63,100,63,81,45,36,27,45,36,36,45,36]",2023-06-14,"Knowledge panel, Local pack, Sitelinks, Reviews, Image, Ads top, Ads bottom, Find results on, Indented, Related searches",informational,Organic
abri chantier,3,3,70,14,1.04,https://www.bcm.fr/batiments-modulaires/cabane-de-chantier/,4,0.25,4.00,1,9300000,"[35,50,28,50,50,50,78,64,50,14,64,14]",2023-06-22,"Image pack, Reviews, Image, Indented, Related searches",informational,Organic
cabane de chantier prix,4,4,70,15,0.51,https://www.bcm.fr/batiments-modulaires/cabane-de-chantier/,4,0.25,2.00,1,895000,"[23,42,42,19,33,52,52,23,19,33,52,66]",2023-06-05,"Image pack, Reviews, Image, Indented, Related searches",commercial,Organic
préfabriqués occasion,3,3,40,8,0.70,https://www.bcm.fr/batiments-modulaires/occasion/,3,0.19,2.00,0.99,346000,"[36,36,45,45,100,45,45,36,36,27,18,18]",2023-06-17,"Local pack, Reviews, Image, Find results on, Related searches",commercial,Organic
kiosque prefabrique,2,2,40,3,0.95,https://www.bcm.fr/batiments-modulaires/kiosque-et-locaux-commerciaux/,3,0.19,3.00,1,114000,"[11,11,41,100,11,11,11,11,11,11,11,11]",2023-06-02,"Image pack, Reviews, Image, Indented, Related searches",informational,Organic
cabane de chantier roulante,5,5,110,11,0.72,https://www.bcm.fr/batiments-modulaires/cabane-de-chantier/,3,0.19,2.00,0.99,25900,"[53,53,65,34,21,34,43,34,34,28,34,28]",2023-06-19,"Image pack, Reviews, Image, Indented, Related searches",informational,Organic
construction modulaires,3,3,140,41,1.63,http://www.bcm.fr/,3,0.19,4.00,0.96,9360000,"[36,19,6,2,6,100,9,1,12,6,5,2]",2023-06-23,"Knowledge panel, Local pack, Sitelinks, Reviews, Ads bottom, People also ask, Find results on, Indented, Related searches",commercial,Local pack
bungalows chantier,2,2,90,16,1.44,https://www.bcm.fr/toutes-les-caracteristiques-et-dimensions-dun-bungalow-de-chantier/,3,0.19,4.00,1,2830000,"[65,53,19,19,53,26,19,7,42,7,26,42]",2023-06-21,"Local pack, Image pack, Reviews, Ads top, Video Carousel, People also ask, Find results on, Indented, Related searches",informational,People also ask
structures modulaires,3,3,110,35,1.68,https://www.bcm.fr/,3,0.19,5.00,1,6310000,"[14,9,9,4,33,80,66,52,80,80,100,80]",2023-06-07,"Knowledge panel, Local pack, Reviews, People also ask, Find results on, Indented, Related searches",informational,Organic
bcm issoire,10,10,110,24,1.65,http://www.bcm.fr/,3,0.19,4.00,0.2,82,"[64,82,64,52,64,64,82,64,82,82,100,64]",2023-06-23,"Knowledge panel, Image pack, Sitelinks, Reviews, Image, Indented, Related searches","informational, navigational",Knowledge panel
préfabriqué bureau,3,3,40,4,2.15,https://www.bcm.fr/batiments-modulaires/bureaux/,3,0.19,6.00,1,569000,"[15,9,9,9,15,12,12,9,15,9,9,15]",2023-06-09,"Image pack, Reviews, Image, Indented, Related searches",informational,Organic
architecture modulaire,10,10,390,15,1.22,https://www.bcm.fr/architecture-modulaire-chantier-a-veyre-monton/,2,0.12,2.00,0.09,4310000,"[67,29,19,15,54,100,81,29,36,36,54,54]",2023-06-15,"Knowledge panel, Image pack, Image, People also ask, Related searches",informational,Organic
algeco location tarif,5,5,50,7,1.17,https://www.bcm.fr/salle-de-classe-modulaire-quel-est-son-cout/,2,0.12,2.00,0.53,192000,"[21,14,14,14,28,50,100,50,50,35,21,14]",2023-06-23,"Sitelinks, Reviews, Image, Ads bottom, Indented, Related searches",informational,Organic
batiment modulaires,2,2,70,31,2.64,https://www.bcm.fr/,2,0.12,6.00,1,6100000,"[78,78,35,78,78,64,78,21,50,0,7,0]",2023-06-04,"Local pack, Image pack, Sitelinks, Reviews, Image, Ads bottom, Find results on, Indented, Related searches",commercial,Organic
prix location algeco 30m2,8,8,110,17,1.28,https://www.bcm.fr/salle-de-classe-modulaire-quel-est-son-cout/,2,0.12,2.00,0.51,71,"[42,42,33,33,42,42,52,52,66,80,100,100]",2023-06-15,"Sitelinks, Reviews, Ads top, Ads bottom, Indented, Related searches",commercial,Organic
bâtiments modulaires,5,5,90,39,2.64,http://www.bcm.fr/,2,0.12,5.00,1,843000,"[43,53,23,5,28,35,28,12,5,17,28,5]",2023-06-07,"Local pack, Image pack, Reviews, Ads bottom, People also ask, Find results on, Indented, Related searches",commercial,Local pack
cabane chantier mobile,3,3,40,8,0.69,https://www.bcm.fr/batiments-modulaires/cabane-de-chantier/,2,0.12,1.00,1,590000,"[17,17,17,29,11,23,29,17,29,41,29,29]",2023-06-09,"Image pack, Reviews, Image, Indented, Related searches",informational,Organic
structure modulable,9,9,70,14,1.68,https://www.bcm.fr/,1,0.06,1.00,1,2540000,"[63,63,45,63,63,63,81,36,63,63,100,63]",2023-06-09,"Image pack, Reviews, Image, Ads bottom, Indented, Related searches",informational,Organic
algeco prix,29,29,720,23,0.81,https://www.bcm.fr/batiments-modulaires/salle-de-classe/,1,0.06,0.00,1,99,"[67,67,55,55,45,55,55,30,67,55,67,55]",2023-06-19,"Reviews, Featured snippet, Image, Related searches",commercial,Organic
location modulaire,6,6,70,30,3.35,https://www.bcm.fr/batiments-modulaires/location/,1,0.06,4.00,0.41,2550000,"[10,10,22,10,8,10,6,14,22,22,29,22]",2023-06-01,"Local pack, Sitelinks, Reviews, Find results on, Indented, Related searches",commercial,Organic
dimension bungalow algeco,1,1,40,9,0.59,https://www.bcm.fr/batiments-modulaires/cabane-de-chantier/,1,0.06,0.00,0.4,84,"[18,36,18,18,18,36,36,18,27,36,81,100]",2023-06-10,"Image pack, Reviews, Featured snippet, Image, People also ask, Indented, Related searches",informational,People also ask
laboratoire modulaire alimentaire prix,8,8,70,6,0.32,https://www.bcm.fr/laboratoire-prefabrique/,1,0.06,0.00,0.25,131000,"[9,14,52,9,9,19,14,66,19,52,52,42]",2023-06-02,"Sitelinks, Reviews, Image, Ads bottom, Indented, Related searches",transactional,Organic
bungalow bureau,14,14,320,4,1.58,https://www.bcm.fr/nos-realisations/,1,0.06,1.00,1,6340000,"[82,82,66,53,82,100,82,53,82,82,66,66]",2023-06-15,"Image pack, Sitelinks, Reviews, Image, Ads top, Ads bottom, Indented, Related searches",informational,Organic
cabane de chantier sur roue,12,12,170,14,0.44,https://www.bcm.fr/batiments-modulaires/cabane-de-chantier/,1,0.06,0.00,1,203000,"[28,28,34,34,53,65,65,28,53,100,81,81]",2023-06-01,"Image pack, Reviews, Image, Related searches",informational,Organic
bureau modulable occasion,4,4,50,7,1.24,https://www.bcm.fr/batiments-modulaires/occasion/,1,0.06,1.00,1,91,"[64,50,78,50,50,21,28,35,14,28,35,35]",2023-05-30,"Local pack, Image pack, Reviews, Image, Find results on, Indented, Related searches",commercial,Organic
bureau modulaire occasion,6,5,70,8,0.98,https://www.bcm.fr/batiments-modulaires/occasion/,1,0.06,0.00,1,87,"[64,78,64,35,64,50,64,35,64,64,50,50]",2023-06-25,"Local pack, Reviews, Image, Find results on, Indented, Related searches",commercial,Organic
location algeco bureau prix,7,7,40,7,1.52,https://www.bcm.fr/salle-de-classe-modulaire-quel-est-son-cout/,1,0.06,1.00,0.46,89,"[14,14,21,14,35,21,28,21,28,28,50,28]",2023-06-24,"Sitelinks, Reviews, Image, Ads top, Indented, Related searches",commercial,Organic
bungalow de chantier aménagé,5,0,140,9,0.85,https://www.bcm.fr/batiments-modulaires/cabane-de-chantier/,1,0.06,0.00,1,137000,"[66,52,52,42,66,52,52,52,66,80,80,80]",2023-06-25,"Image pack, Sitelinks, Reviews, Image, People also ask, Indented, Related searches",informational,People also ask
bungalow de chantier aménagé,7,8,140,9,0.85,https://www.bcm.fr/batiments-modulaires/cabane-de-chantier/,1,0.06,0.00,1,137000,"[66,52,52,42,66,52,52,52,66,80,80,80]",2023-06-25,"Image pack, Sitelinks, Reviews, Image, People also ask, Indented, Related searches",informational,Organic
prix algeco 50 m2,15,15,320,25,0.65,https://www.bcm.fr/salle-de-classe-modulaire-quel-est-son-cout/,1,0.06,0.00,0.44,87,"[66,66,53,66,82,82,100,66,100,82,100,100]",2023-06-18,"Reviews, Featured snippet, Indented, Related searches",transactional,Organic
location algeco tarif,5,5,70,15,1.18,https://www.bcm.fr/batiments-modulaires/cabane-de-chantier/,1,0.06,1.00,0.55,97,"[52,52,29,11,17,11,17,41,64,64,64,100]",2023-06-14,"Sitelinks, Reviews, Ads top, People also ask, Related searches",commercial,People also ask
location algeco tarif,6,6,70,15,1.18,https://www.bcm.fr/salle-de-classe-modulaire-quel-est-son-cout/,1,0.06,1.00,0.55,97,"[52,52,29,11,17,11,17,41,64,64,64,100]",2023-06-14,"Sitelinks, Reviews, Ads top, People also ask, Related searches",commercial,Organic
batiment modulaire occasion,5,5,90,7,1.29,https://www.bcm.fr/batiments-modulaires/occasion/,1,0.06,1.00,0.97,60200,"[52,52,52,64,52,64,52,41,52,82,64,41]",2023-06-16,"Local pack, Reviews, Image, Ads bottom, Find results on, Indented, Related searches",commercial,Organic
bungalow de chantier habitable,11,11,110,12,0.92,https://www.bcm.fr/toutes-les-caracteristiques-et-dimensions-dun-bungalow-de-chantier/,1,0.06,0.00,1,64,"[41,64,64,41,41,52,41,52,82,100,100,82]",2023-06-09,"Image pack, Reviews, Image, Related searches",informational,Organic
modulaire occasion,7,7,110,8,0.66,https://www.bcm.fr/batiments-modulaires/occasion/,1,0.06,0.00,0.95,2410000,"[42,42,66,52,66,52,52,33,42,52,52,52]",2023-06-13,"Local pack, Image pack, Reviews, Image, Find results on, Indented, Related searches",commercial,Organic
bureau modulaire prix,6,6,40,14,1.65,https://www.bcm.fr/nos-realisations/,1,0.06,1.00,1,5260000,"[3,3,3,3,3,3,3,3,3,18,15,18]",2023-06-24,"Sitelinks, Reviews, Featured snippet, Image, Ads top, Ads bottom, Shopping ads, Indented, Related searches",transactional,Organic
bureau chantier,8,8,50,3,1.24,https://www.bcm.fr/bureau-de-chantier-modulaire-quels-avantages/,1,0.06,1.00,0.98,29800000,"[6,6,6,6,34,34,34,21,21,9,12,12]",2023-06-11,"Image pack, Reviews, Image, Ads bottom, Indented, Related searches",informational,Organic
préfabriqué occasion prix,5,5,40,4,0.64,https://www.bcm.fr/batiments-modulaires/occasion/,1,0.06,0.00,1,173000,"[15,19,19,19,11,11,11,7,11,15,11,11]",2023-06-25,"Reviews, Image, Related searches",transactional,Organic
batiment préfabriqué,23,23,320,22,1.53,https://www.bcm.fr/,0,0,0.00,1,102000,"[81,66,54,66,100,100,66,43,81,66,81,66]",2023-06-16,"Local pack, Image pack, Reviews, Image, Find results on, Indented, Related searches",commercial,Organic
bungalow préfabriqué prix,9,9,40,21,0.63,https://www.bcm.fr/nos-realisations/,0,0,0.00,0.98,87,"[2,2,2,3,3,3,4,4,7,5,5,5]",2023-06-24,"Image pack, Sitelinks, Reviews, Featured snippet, Image, Ads top, People also ask, Indented, Related searches",navigational,Organic
module de chantier,15,15,70,15,1.79,https://www.bcm.fr/batiments-modulaires/cabane-de-chantier/,0,0,0.00,1,5320000,"[64,29,17,17,64,11,17,11,52,64,23,64]",2023-06-14,"Image pack, Sitelinks, Reviews, Image, People also ask, Indented, Related searches",informational,Organic
module de chantier,16,16,70,15,1.79,https://www.bcm.fr/toutes-les-caracteristiques-et-dimensions-dun-bungalow-de-chantier/,0,0,0.00,1,5320000,"[64,29,17,17,64,11,17,11,52,64,23,64]",2023-06-14,"Image pack, Sitelinks, Reviews, Image, People also ask, Indented, Related searches",informational,Organic
construction batiment,88,88,480,38,1.02,https://www.bcm.fr/,0,0,0.00,0.16,41500000,"[81,100,54,54,81,81,66,54,66,100,29,66]",2023-06-17,"Local pack, Image pack, Video Carousel, People also ask, Related searches",commercial,Organic
algeco aménagé,64,64,480,24,0.76,https://www.bcm.fr/batiments-modulaires/salle-de-classe/,0,0,0.00,0.99,7470,"[44,54,66,66,66,81,81,44,100,100,100,66]",2023-06-14,"Image pack, Reviews, Image, People also ask, Indented, Related searches","informational, transactional",Organic
radiologie issoire,31,31,480,29,0.00,https://www.bcm.fr/hopital-dissoire-un-centre-dimagerie-medicale-en-construction-modulaire/,0,0,0.00,0,91,"[100,100,66,100,100,81,81,54,100,81,100,81]",2023-06-20,"Local pack, Sitelinks, Reviews, Find results on, Indented, Related searches",commercial,Organic
algeco construction modulaire,16,16,70,18,1.18,https://www.bcm.fr/,0,0,0.00,1,17500,"[100,100,18,18,100,100,100,63,45,18,36,18]",2023-06-17,"Knowledge panel, Image pack, Sitelinks, Reviews, Video Carousel, People also ask, Related searches","navigational, transactional",Organic
bloc sanitaire préfabriqué occasion,28,28,40,6,0.45,https://www.bcm.fr/batiments-modulaires/,0,0,0.00,0.41,83,"[27,18,27,63,100,18,18,18,18,18,18,45]",2023-06-24,"Image pack, Reviews, Image, Indented, Related searches","informational, transactional",Organic
cabane démontable,81,0,40,6,0.22,https://www.bcm.fr/batiments-modulaires/cabane-de-chantier/,0,0,0.00,1,47800,"[9,18,9,18,18,27,45,63,27,18,81,100]",2023-06-25,"Image pack, Reviews, Image, Indented, Related searches",informational,Organic
vente algeco,88,88,70,15,1.13,https://www.bcm.fr/batiments-modulaires/salle-de-classe/,0,0,0.00,0.98,65900,"[26,26,15,26,26,26,26,15,26,26,19,19]",2023-06-24,"Image, Related searches",commercial,Organic
batiment occasion,28,28,50,19,0.44,https://www.bcm.fr/batiments-modulaires/occasion/,0,0,0.00,0.93,28900000,"[18,27,18,18,18,18,100,100,100,100,27,18]",2023-06-24,"Sitelinks, Reviews, Image, Indented, Related searches",commercial,Organic
algeco clermont ferrand,43,43,40,11,1.51,https://www.bcm.fr/salle-de-classe-modulaire-quel-est-son-cout/,0,0,0.00,0.19,88,"[3,18,3,3,3,3,3,18,18,3,3,3]",2023-06-19,"Knowledge panel, Reviews, Indented, Related searches",navigational,Organic
batiment bureau,74,74,90,13,1.55,https://www.bcm.fr/,0,0,0.00,0.19,13400000,"[78,50,35,50,50,64,78,64,64,64,64,50]",2023-06-04,"Knowledge panel, Local pack, Sitelinks, Reviews, Image, People also ask, Find results on, Indented, Related searches",commercial,Organic
prix algeco,30,30,210,19,0.66,https://www.bcm.fr/batiments-modulaires/salle-de-classe/,0,0,0.00,1,230000,"[66,43,43,43,66,66,66,53,66,53,66,66]",2023-06-23,"Reviews, Featured snippet, Image, Indented, Related searches",transactional,Organic
algeco aménagé occasion,65,65,50,13,0.45,https://www.bcm.fr/,0,0,0.00,0.41,79,"[10,17,10,10,12,12,10,5,10,12,12,12]",2023-05-31,"Reviews, Image, Related searches",commercial,Organic
bungalow 20 m2,80,80,70,4,0.45,https://www.bcm.fr/toutes-les-caracteristiques-et-dimensions-dun-bungalow-de-chantier/,0,0,0.00,0.99,14300000,"[64,64,50,78,100,50,78,35,50,64,28,7]",2023-06-01,"Image pack, Reviews, Image, Indented, Related searches",informational,Organic
logo modulable,42,42,90,13,0.00,https://www.bcm.fr/,0,0,0.00,0.06,15800000,"[64,50,21,35,64,78,78,35,64,50,78,64]",2023-06-14,"Image pack, Reviews, Image, Indented, Related searches",informational,Organic
définition modulaire,82,82,170,36,0.00,https://www.bcm.fr/architecture-modulaire-chantier-a-veyre-monton/,0,0,0.00,0,894000,"[3,53,34,26,100,80,80,42,80,65,80,65]",2023-06-11,"Instant answer, Knowledge panel, Image pack, People also ask, Indented, Related searches",informational,Organic
algeco definition,76,94,70,16,0.00,https://www.bcm.fr/,0,0,0.00,0,180000,"[11,5,0,0,82,64,82,23,0,23,100,64]",2023-06-25,"Knowledge panel, Sitelinks, Reviews, People also ask, Indented, Related searches",informational,Organic
location base de vie,89,89,40,12,2.66,https://www.bcm.fr/toutes-les-caracteristiques-et-dimensions-dun-bungalow-de-chantier/,0,0,0.00,0.56,54500000,"[29,17,17,11,17,17,23,17,17,23,29,29]",2023-06-09,"Sitelinks, Reviews, Image, Ads top, Ads bottom, Indented, Related searches",informational,Organic
construction bureau,8,8,40,13,1.13,https://www.bcm.fr/,0,0,0.00,0.43,344000000,"[15,9,9,15,12,6,6,15,12,15,12,15]",2023-06-09,"Local pack, Image pack, Reviews, People also ask, Find results on, Indented, Related searches",informational,Organic
parc modulable occasion,30,30,90,24,0.18,https://www.bcm.fr/batiments-modulaires/occasion/,0,0,0.00,1,84,"[81,81,63,81,81,100,63,81,81,100,100,100]",2023-06-14,"Sitelinks, Reviews, Image, Indented, Related searches",transactional,Organic
typo modulaire,55,55,210,14,0.00,https://www.bcm.fr/,0,0,0.00,0,24000,"[44,15,6,11,44,81,54,23,54,44,44,35]",2023-06-14,"Image pack, Sitelinks, Image, Indented, Related searches","commercial, informational",Organic
bâtiment construction,70,70,170,36,1.11,https://www.bcm.fr/,0,0,0.00,0.08,101000000,"[0,82,0,0,100,82,53,43,35,43,43,43]",2023-06-09,"Local pack, Image pack, Image, Video Carousel, People also ask, Find results on, Related searches",commercial,Organic
hôpital d'issoire,70,70,70,23,0.00,https://www.bcm.fr/hopital-dissoire-un-centre-dimagerie-medicale-en-construction-modulaire/,0,0,0.00,0,211000,"[0,4,0,0,19,19,52,100,100,9,0,52]",2023-06-13,"Knowledge panel, Image pack, Sitelinks, Reviews, FAQ, Indented, Related searches",navigational,Organic
abris modulaire,93,93,40,9,1.41,https://www.bcm.fr/batiments-modulaires/cabane-de-chantier/,0,0,0.00,1,2890000,"[18,18,18,18,18,18,18,18,45,18,81,100]",2023-06-24,"Local pack, Image pack, Reviews, Image, Ads bottom, Find results on, Indented, Related searches",informational,Organic
achat algeco,58,58,90,19,1.62,https://www.bcm.fr/bcm-lentreprise/laccess/,0,0,0.00,1,44900,"[81,81,63,81,81,100,100,81,100,81,100,81]",2023-06-14,"Sitelinks, Reviews, Image, Ads top, Indented, Related searches",transactional,Organic
prix algeco 30m2 occasion,24,24,40,17,0.58,https://www.bcm.fr/salle-de-classe-modulaire-quel-est-son-cout/,0,0,0.00,0.39,73,"[28,57,100]",2023-06-24,"Reviews, Featured snippet, Image, Ads bottom, Related searches",commercial,Organic
bungalow modulaire occasion,22,22,40,17,0.80,https://www.bcm.fr/batiments-modulaires/occasion/,0,0,0.00,1,70,"[60,100,80,60,80,80,80,60,80,80,80,80]",2023-06-15,"Local pack, Reviews, Image, Ads bottom, Find results on, Indented, Related searches",commercial,Organic
dimension standard bureau,86,86,70,19,0.00,https://www.bcm.fr/toutes-les-caracteristiques-et-dimensions-dun-bungalow-de-chantier/,0,0,0.00,1,45900000,"[4,8,8,8,22,22,22,10,22,22,18,4]",2023-06-22,"Reviews, Featured snippet, Image, People also ask, Indented, Related searches",informational,Organic
bungalow modulaire,26,26,110,8,1.51,https://www.bcm.fr/toutes-les-caracteristiques-et-dimensions-dun-bungalow-de-chantier/,0,0,0.00,0.99,165000,"[52,52,64,52,100,64,52,52,52,52,64,41]",2023-06-15,"Local pack, Sitelinks, Reviews, Image, Find results on, Indented, Related searches",commercial,Organic
algeco bureau,39,39,390,18,1.92,https://www.bcm.fr/batiments-modulaires/vestiaires-et-sanitaires/,0,0,0.00,1,90100,"[66,66,66,54,81,81,66,66,100,81,100,81]",2023-06-17,"Image pack, Reviews, Image, People also ask, Related searches","informational, transactional",Organic
kiosque commercial,30,30,140,3,0.46,https://www.bcm.fr/batiments-modulaires/kiosque-et-locaux-commerciaux/,0,0,0.00,1,6960000,"[53,43,28,35,35,28,28,23,35,35,35,35]",2023-06-03,"Image pack, Reviews, Image, Indented, Related searches","informational, transactional",Organic
bungalow préfabriqué,11,11,50,4,1.27,https://www.bcm.fr/nos-realisations/,0,0,0.00,1,60800,"[41,29,29,29,11,17,23,29,29,29,52,29]",2023-06-09,"Image pack, Sitelinks, Reviews, Image, Ads bottom, Indented, Related searches",informational,Organic
prix bungalow 30m2,61,61,50,23,0.60,https://www.bcm.fr/nos-realisations/,0,0,0.00,1,156000,"[14,14,14,14,14,14,8,4,8,10,18,10]",2023-06-05,"Image pack, Sitelinks, Reviews, Featured snippet, Image, People also ask, Indented, Related searches",transactional,Organic
location bungalow bureau,37,37,40,10,3.35,https://www.bcm.fr/batiments-modulaires/location/,0,0,0.00,0.79,5770000,"[44,44,44,33,55,33,44,33,44,33,33,33]",2023-06-24,"Local pack, Reviews, Find results on, Indented, Related searches",informational,Organic
container cabane,61,61,70,4,0.00,https://www.bcm.fr/batiments-modulaires/cabane-de-chantier/,0,0,0.00,1,1930000,"[66,52,52,42,23,42,42,33,23,9,19,9]",2023-06-11,"Image pack, Reviews, Image, People also ask, Indented, Related searches",informational,Organic
des bungalows,58,58,40,19,0.00,https://www.bcm.fr/toutes-les-caracteristiques-et-dimensions-dun-bungalow-de-chantier/,0,0,0.00,0.1,13500000,"[9,80,52,9,9,9,9,0,9,9,9,9]",2023-06-01,"Local pack, Image pack, Reviews, Image, People also ask, Find results on, Indented, Related searches",commercial,Organic
architecture modulaire définition,15,15,40,27,0.00,https://www.bcm.fr/architecture-modulaire-chantier-a-veyre-monton/,0,0,0.00,0,396000,"[18,18,18,18,18,100,100,18,18,18,18,18]",2023-06-24,"Reviews, Featured snippet, People also ask, Related searches, See results about",informational,Organic
definition modulaire,63,63,70,38,0.00,https://www.bcm.fr/architecture-modulaire-chantier-a-veyre-monton/,0,0,0.00,0,432000,"[64,35,21,0,100,78,50,28,64,35,78,50]",2023-06-15,"Instant answer, Image pack, Reviews, People also ask, Indented, Related searches, See results about",informational,Organic
dimension bungalow algeco,44,44,40,9,0.59,https://www.bcm.fr/salle-de-classe-modulaire-quel-est-son-cout/,0,0,0.00,0.4,84,"[18,36,18,18,18,36,36,18,27,36,81,100]",2023-06-10,"Image pack, Reviews, Featured snippet, Image, People also ask, Indented, Related searches",informational,Organic
bungalow container,85,85,70,6,0.68,https://www.bcm.fr/toutes-les-caracteristiques-et-dimensions-dun-bungalow-de-chantier/,0,0,0.00,1,9730000,"[12,28,10,28,28,7,10,28,7,23,23,35]",2023-05-31,"Knowledge panel, Image pack, Sitelinks, Reviews, Image, Shopping ads, People also ask, Indented, Related searches",informational,Organic
sanitaire chantier,65,65,70,6,1.18,https://www.bcm.fr/toutes-les-caracteristiques-et-dimensions-dun-bungalow-de-chantier/,0,0,0.00,1,13100000,"[45,81,45,45,45,45,36,27,100,45,81,45]",2023-06-05,"Image pack, Sitelinks, Reviews, Image, Indented, Related searches",commercial,Organic
construction modulaire definition,32,32,40,26,0.56,https://www.bcm.fr/architecture-modulaire-chantier-a-veyre-monton/,0,0,0.00,0.08,556000,"[50,14,14,14,28,14,100,14,14,14,14,14]",2023-06-05,"Knowledge panel, Sitelinks, Reviews, People also ask, Indented, Related searches",informational,Organic
algeco habitable prix,86,86,210,27,0.57,https://www.bcm.fr/salle-de-classe-modulaire-quel-est-son-cout/,0,0,0.00,1,89,"[43,53,53,81,100,81,65,65,81,81,65,81]",2023-06-20,"Image pack, Sitelinks, Reviews, Featured snippet, Image, Related searches",transactional,Organic
bungalow de chantier prix,42,42,70,14,1.00,https://www.bcm.fr/batiments-modulaires/cabane-de-chantier/,0,0,0.00,1,100,"[12,12,12,7,12,12,10,10,28,28,28,12]",2023-06-04,"Sitelinks, Reviews, Image, People also ask, Indented, Related searches",transactional,Organic
location bureaux annecy,90,90,40,8,1.24,https://www.bcm.fr/notre-construction-modulaire-en-location-pour-le-projet-du-grand-annecy/,0,0,0.00,0.31,3780000,"[33,44,11,22,33,33,33,22,55,44,44,100]",2023-06-24,"Image pack, Reviews, Image, Related searches","informational, transactional",Organic
clim algeco occasion,45,45,50,12,0.62,https://www.bcm.fr/batiments-modulaires/salle-de-classe/,0,0,0.00,1,74,"[35,100,78,78,14,14,14,14,14,14,14,14]",2023-06-08,"Image pack, Sitelinks, Reviews, Image, Indented, Related searches",informational,Organic
préfabriqués,61,61,720,26,0.95,https://www.bcm.fr/quels-sont-les-avantages-des-bureaux-prefabriques/,0,0,0.00,0.95,3680000,"[54,36,0,36,66,20,20,36,16,30,10,24]",2023-06-23,"Knowledge panel, Sitelinks, Reviews, Featured snippet, People also ask, Indented, Related searches",informational,Organic
dimension salle de classe,53,53,70,28,0.00,https://www.bcm.fr/salle-de-classe-modulaire-quel-est-son-cout/,0,0,0.00,0,6020000,"[66,33,19,9,23,23,52,23,33,33,42,9]",2023-06-18,"Image pack, Sitelinks, Reviews, Featured snippet, Image, People also ask, Indented, Related searches",informational,Organic
salle de clase,76,76,40,31,0.73,https://www.bcm.fr/salle-de-classe-modulaire-quel-est-son-cout/,0,0,0.00,0,73700000,"[55,77,0,0,100,55,33,33,55,22,77,22]",2023-06-15,"Image pack, Reviews, Image, People also ask, Related searches",informational,Organic
achat bungalow chantier,63,63,40,19,2.92,https://www.bcm.fr/batiments-modulaires/cabane-de-chantier/,0,0,0.00,0.99,268000,"[11,15,11,11,11,11,15,7,7,19,15,19]",2023-05-30,"Local pack, Image pack, Sitelinks, Reviews, Image, Ads top, People also ask, Find results on, Related searches",commercial,Organic
bungalows de chantier,13,13,210,16,1.37,https://www.bcm.fr/toutes-les-caracteristiques-et-dimensions-dun-bungalow-de-chantier/,0,0,0.00,1,353000,"[54,54,44,6,23,28,11,11,15,100,44,35]",2023-06-19,"Local pack, Image pack, Sitelinks, Reviews, Video, Image, People also ask, Find results on, Indented, Related searches",commercial,Organic
réglementation base vie chantier,41,41,70,9,0.38,https://www.bcm.fr/toutes-les-caracteristiques-et-dimensions-dun-bungalow-de-chantier/,0,0,0.00,0.04,2450000,"[9,6,6,5,15,9,9,6,15,9,15,15]",2023-06-21,"People also ask, Related searches",informational,Organic
construction modulaire prix,13,13,50,18,1.27,https://www.bcm.fr/salle-de-classe-modulaire-quel-est-son-cout/,0,0,0.00,0.99,3760000,"[100,100,80,100,80,100,100,100,100,60,100,80]",2023-06-09,"Sitelinks, Reviews, Featured snippet, Image, Ads bottom, Related searches","informational, navigational",Organic
taille d'un conteneur en m2,77,77,140,13,0.18,https://www.bcm.fr/toutes-les-caracteristiques-et-dimensions-dun-bungalow-de-chantier/,0,0,0.00,0.12,242000,"[43,34,43,34,21,43,53,43,53,53,65,65]",2023-06-05,"Image pack, Reviews, Featured snippet, People also ask, Indented, Related searches",informational,Organic
algeco occasion pas cher,40,40,170,14,0.48,https://www.bcm.fr/batiments-modulaires/salle-de-classe/,0,0,0.00,0.4,73,"[43,35,35,29,35,43,29,22,29,35,29,35]",2023-06-19,"Reviews, Indented, Related searches",commercial,Organic
salle de classe,98,78,5400,31,0.73,https://www.bcm.fr/salle-de-classe-modulaire-quel-est-son-cout/,0,0,0.00,0,87500000,"[66,66,44,66,66,81,81,66,66,66,81,66]",2023-06-25,"Image pack, Reviews, Image, People also ask, Related searches",informational,Organic
construction modulable bois,82,82,70,11,0.92,https://www.bcm.fr/,0,0,0.00,1,11400000,"[23,29,36,23,0,12,5,0,0,0,0,0]",2023-06-20,"Image pack, Sitelinks, Reviews, Image, People also ask, Related searches",commercial,Organic
algeco toulouse,69,69,170,16,1.87,https://www.bcm.fr/,0,0,0.00,0.74,52100,"[52,80,80,100,66,100,100,52,80,66,80,66]",2023-06-07,"Knowledge panel, Image pack, Sitelinks, Reviews, Image, Indented, Related searches",informational,Organic
b c m,2,2,40,48,0.00,http://www.bcm.fr/,0,0,0.00,0,60800000,"[0,100,3,6,21,6,6,3,0,0,0,0]",2023-06-10,"Knowledge panel, Local pack, Image pack, Sitelinks, Find results on, Indented, Related searches","commercial, navigational",Local pack
b c m,6,6,40,48,0.00,https://www.bcm.fr/,0,0,0.00,0,60800000,"[0,100,3,6,21,6,6,3,0,0,0,0]",2023-06-10,"Knowledge panel, Local pack, Image pack, Sitelinks, Find results on, Indented, Related searches","commercial, navigational",Organic
bcm rt20,73,51,70,5,0.00,https://www.bcm.fr/,0,0,0.00,0,81,"[5,100,23,29,52,29]",2023-06-25,"Image, Related searches",commercial,Organic
algéco prix,27,27,70,19,0.81,https://www.bcm.fr/batiments-modulaires/salle-de-classe/,0,0,0.00,1,121000,"[2,0,2,2,0,2,2,100,100,5,5,5]",2023-06-09,"Reviews, Featured snippet, Image, Indented, Related searches",commercial,Organic
module préfabriqué,17,17,70,6,1.67,https://www.bcm.fr/,0,0,0.00,1,168000,"[63,100,45,63,63,81,63,36,81,63,63,45]",2023-06-21,"Image pack, Sitelinks, Reviews, Image, Indented, Related searches",informational,Organic
bungalow modulable,54,54,90,8,1.51,https://www.bcm.fr/toutes-les-caracteristiques-et-dimensions-dun-bungalow-de-chantier/,0,0,0.00,0.99,451000,"[42,52,66,66,33,19,23,23,33,42,52,33]",2023-06-23,"Local pack, Image pack, Sitelinks, Reviews, Image, People also ask, Find results on, Indented, Related searches",informational,Organic
algécos,47,47,210,43,1.82,https://www.bcm.fr/batiments-modulaires/salle-de-classe/,0,0,0.00,0.93,7300,"[11,11,7,7,11,11,72,9,9,14,59,11]",2023-06-10,"Knowledge panel, Image pack, Sitelinks, Reviews, Featured snippet, Image, People also ask, Indented, Related searches",informational,Organic
un bungalow,46,46,320,36,0.41,https://www.bcm.fr/toutes-les-caracteristiques-et-dimensions-dun-bungalow-de-chantier/,0,0,0.00,0.03,35200000,"[81,81,100,81,66,54,35,28,44,44,54,66]",2023-06-20,"Knowledge panel, Local pack, Reviews, People also ask, Find results on, Indented, Related searches",commercial,Organic
algeco aménagé interieur,48,48,140,8,0.74,https://www.bcm.fr/,0,0,0.00,0.98,15800,"[66,66,42,66,80,80,66,52,52,66,52,33]",2023-06-03,"Image pack, Reviews, Image, Indented, Related searches",informational,Organic
modulaire construction,3,3,70,43,1.20,https://www.bcm.fr/,0,0,0.00,0.98,6780000,"[36,18,45,18,100,100,45,100,18,100,27,36]",2023-06-13,"Knowledge panel, Local pack, Reviews, Video Carousel, People also ask, Find results on, Indented, Related searches",commercial,Organic
hopital issoire,77,77,1300,31,0.00,https://www.bcm.fr/hopital-dissoire-un-centre-dimagerie-medicale-en-construction-modulaire/,0,0,0.00,0,193000,"[100,81,81,81,81,81,62,81,100,55,100,81]",2023-06-19,"Knowledge panel, Sitelinks, Reviews, Image, FAQ, Indented, Related searches",navigational,Organic
chantier mobile,61,90,90,10,0.82,https://www.bcm.fr/batiments-modulaires/cabane-de-chantier/,0,0,0.00,0.91,21000000,"[64,78,64,50,78,64,35,50,50,64,100,64]",2023-06-25,"Reviews, Image, People also ask, Indented, Related searches",commercial,Organic
location module chantier,97,97,40,14,2.92,https://www.bcm.fr/batiments-modulaires/cabane-de-chantier/,0,0,0.00,0.64,2370000,"[18,100,18,18,27,100,18,27,36,27,27,18]",2023-06-23,"Local pack, Image pack, Sitelinks, Reviews, Ads bottom, Find results on, Indented, Related searches",commercial,Organic
local préfabriqué,11,11,70,6,1.69,https://www.bcm.fr/batiments-modulaires/kiosque-et-locaux-commerciaux/,0,0,0.00,1,304000,"[4,4,5,3,3,4,5,4,11,4,9,17]",2023-06-23,"Local pack, Image pack, Reviews, Image, Find results on, Related searches","informational, transactional",Organic
surface minimum vestiaire code du travail,95,95,70,16,0.00,https://www.bcm.fr/toutes-les-caracteristiques-et-dimensions-dun-bungalow-de-chantier/,0,0,0.00,0.01,294000,"[15,15,12,6,15,21,15,12,34,34,34,21]",2023-06-08,"Image pack, Sitelinks, Reviews, Featured snippet, People also ask, Related searches",informational,Organic
algeco d occasion,50,50,170,13,0.65,https://www.bcm.fr/batiments-modulaires/salle-de-classe/,0,0,0.00,0.71,56,"[65,19,65,53,80,80,65,42,65,80,80,80]",2023-06-23,"Reviews, Image",commercial,Organic
algecos,73,73,390,30,1.82,https://www.bcm.fr/batiments-modulaires/salle-de-classe/,0,0,0.00,0.93,13000,"[20,24,24,30,24,20,45,16,36,20,20,24]",2023-06-23,"Knowledge panel, Local pack, Image pack, Sitelinks, Reviews, Image, People also ask, Find results on, Related searches","informational, transactional",Organic
locaux techniques,69,69,390,17,0.91,https://www.bcm.fr/portfolio/locaux-techniques-tri-dechets-region-parisienne/,0,0,0.00,0.15,41600000,"[36,44,100,36,36,19,67,10,36,44,44,36]",2023-06-12,"Knowledge panel, Reviews, Featured snippet, People also ask, Related searches",informational,Organic
bureau algeco,30,30,140,15,1.75,https://www.bcm.fr/nos-realisations/,0,0,0.00,1,85400,"[66,52,42,66,66,52,66,66,100,100,80,66]",2023-06-07,"Image pack, Reviews, Image, Indented, Related searches","navigational, transactional",Organic
modules prefabriques,11,11,40,5,1.67,https://www.bcm.fr/,0,0,0.00,1,877000,"[22,11,11,11,55,55,55,22,44,55,100,55]",2023-06-24,"Image pack, Sitelinks, Reviews, Image, Indented, Related searches",informational,Organic
hopital d issoire,76,76,210,30,0.00,https://www.bcm.fr/hopital-dissoire-un-centre-dimagerie-medicale-en-construction-modulaire/,0,0,0.00,0,299000,"[80,65,65,65,65,100,80,80,80,65,80,53]",2023-06-22,"Knowledge panel, Sitelinks, Reviews, Image, FAQ, Indented, Related searches",navigational,Organic
roulotte de chantier aménagée,24,24,110,6,0.00,https://www.bcm.fr/batiments-modulaires/cabane-de-chantier/,0,0,0.00,1,20100,"[52,33,33,52,52,52,52,42,66,42,80,52]",2023-06-22,"Image pack, Reviews, Image, Indented, Related searches",informational,Organic
logo modulaire,22,22,90,12,0.00,https://www.bcm.fr/,0,0,0.00,0.06,17800000,"[64,50,21,35,64,78,78,35,64,50,78,64]",2023-06-14,"Image pack, Reviews, Image, People also ask, Indented, Related searches",informational,Organic
local phytosanitaire,15,15,320,8,0.47,https://www.bcm.fr/batiments-modulaires/modules-phytosanitaires/,0,0,0.00,1,532000,"[54,54,35,35,44,54,66,54,100,54,100,81]",2023-06-19,"Reviews, People also ask, Indented, Related searches",transactional,Organic
dimension algeco 30m2,74,74,50,10,0.46,https://www.bcm.fr/toutes-les-caracteristiques-et-dimensions-dun-bungalow-de-chantier/,0,0,0.00,0.26,74,"[64,50,50,28,35,50,35,35,78,28,21,21]",2023-06-16,"Reviews, Ads top, Indented, Related searches",commercial,Organic
bureaux modulable,45,45,40,20,1.15,https://www.bcm.fr/batiments-modulaires/bureaux/,0,0,0.00,1,14600000,"[100,63,36,27,63,9,63,36,0,9,18,0]",2023-05-27,"Image pack, Sitelinks, Reviews, Image, Ads bottom, Indented, Related searches",commercial,Organic
local phytosanitaire occasion,16,16,70,3,0.31,https://www.bcm.fr/batiments-modulaires/modules-phytosanitaires/,0,0,0.00,0.97,257000,"[12,12,7,7,5,5,28,7,28,28,23,28]",2023-06-18,"Reviews, Image, Related searches",transactional,Organic
cabane de chantier sur roue prix,31,31,90,13,0.43,https://www.bcm.fr/batiments-modulaires/cabane-de-chantier/,0,0,0.00,0.99,189000,"[23,29,29,41,64,82,100,52,52,64,52,52]",2023-06-10,"Reviews, Image, Indented, Related searches",transactional,Organic
prefabrique modulaire occasion,4,4,40,7,0.64,https://www.bcm.fr/batiments-modulaires/occasion/,0,0,0.00,0.76,31100,"[22,22,6,4,4,4,4,4,4,4,4,4]",2023-05-28,"Local pack, Image pack, Reviews, Image, Find results on, Indented, Related searches",commercial,Organic
kiosque clermont ferrand,92,92,140,16,0.00,https://www.bcm.fr/portfolio/ecole-ville-de-clermont-ferrand/,0,0,0.00,0.04,178000,"[35,43,29,29,54,22,22,18,22,18,18,22]",2023-06-14,"Local pack, Image pack, Reviews, Image, Find results on, Indented, Related searches",commercial,Organic
location préfabriqué,11,11,50,7,1.69,https://www.bcm.fr/batiments-modulaires/location/,0,0,0.00,0.54,297000,"[5,5,5,3,4,5,5,4,4,4,7,4]",2023-06-06,"Knowledge panel, Sitelinks, Reviews, Image, Ads bottom, Indented, Related searches",commercial,Organic
location préfabriqué,12,12,50,7,1.69,https://www.bcm.fr/salle-de-classe-modulaire-quel-est-son-cout/,0,0,0.00,0.54,297000,"[5,5,5,3,4,5,5,4,4,4,7,4]",2023-06-06,"Knowledge panel, Sitelinks, Reviews, Image, Ads bottom, Indented, Related searches",commercial,Organic
armoire phytosanitaire occasion,25,25,40,5,0.35,https://www.bcm.fr/batiments-modulaires/modules-phytosanitaires/,0,0,0.00,1,65,"[7,3,11,3,2,2,2,3,2,3,3,7]",2023-05-31,"Reviews, Image, Indented, Related searches",commercial,Organic
dimension sanitaire,61,61,140,20,0.00,https://www.bcm.fr/toutes-les-caracteristiques-et-dimensions-dun-bungalow-de-chantier/,0,0,0.00,0.23,9140000,"[65,43,43,34,43,43,34,28,53,43,34,34]",2023-06-08,"Image pack, Reviews, Featured snippet, Image, People also ask, Indented, Related searches",informational,Organic
base vie chantier réglementation,65,65,90,9,0.67,https://www.bcm.fr/toutes-les-caracteristiques-et-dimensions-dun-bungalow-de-chantier/,0,0,0.00,0.05,2370000,"[41,29,64,52,17,29,41,64,41,64,52,64]",2023-05-31,"People also ask, Indented, Related searches",informational,Organic
cabane mobile,15,15,50,6,0.00,https://www.bcm.fr/batiments-modulaires/cabane-de-chantier/,0,0,0.00,1,9440000,"[14,28,14,14,21,78,78,78,78,14,64,14]",2023-06-09,"Local pack, Image pack, Reviews, Image, Find results on, Indented, Related searches",commercial,Organic
bungalow chantier,18,18,590,18,1.44,https://www.bcm.fr/toutes-les-caracteristiques-et-dimensions-dun-bungalow-de-chantier/,0,0,0.00,1,849000,"[81,67,67,81,81,81,67,54,81,81,81,81]",2023-06-12,"Local pack, Image pack, Sitelinks, Reviews, Image, Find results on, Indented, Related searches",informational,Organic
algeco occasion bretagne,40,35,70,16,0.68,https://www.bcm.fr/,0,0,0.00,0.56,73,"[64,78,50,35,78,64,50,35,64,50,50,21]",2023-06-25,"Image, Indented, Related searches",commercial,Organic
cabane de chantier occasion,40,40,260,18,0.40,https://www.bcm.fr/batiments-modulaires/cabane-de-chantier/,0,0,0.00,1,94,"[66,43,43,43,54,66,66,35,66,81,66,81]",2023-06-12,"Sitelinks, Reviews, Image, Indented, Related searches",informational,Organic
bungalow de stockage,77,77,70,6,2.64,https://www.bcm.fr/toutes-les-caracteristiques-et-dimensions-dun-bungalow-de-chantier/,0,0,0.00,1,1870000,"[23,23,42,9,42,42,33,42,33,23,66,33]",2023-06-15,"Image pack, Reviews, Image, Indented, Related searches",informational,Organic
hôpital issoire,78,78,320,24,0.00,https://www.bcm.fr/portfolio/salles-de-soin-hopital/,0,0,0.00,0,202000,"[81,54,54,4,29,54,1,2,29,100,23,23]",2023-06-14,"Knowledge panel, Sitelinks, Reviews, Image, FAQ, Indented, Related searches",navigational,Organic
dimension bungalow,3,3,70,16,0.65,https://www.bcm.fr/batiments-modulaires/cabane-de-chantier/,0,0,0.00,0.11,4040000,"[50,78,64,35,50,64,64,35,64,35,64,64]",2023-06-17,"Image pack, Reviews, Featured snippet, Image, People also ask, Indented, Related searches",informational,People also ask
location algeco,15,15,480,38,2.56,https://www.bcm.fr/salle-de-classe-modulaire-quel-est-son-cout/,0,0,0.00,0.52,87500,"[66,81,66,66,81,81,81,81,81,81,81,66]",2023-06-14,"Local pack, Sitelinks, Reviews, Ads top, Ads bottom, Indented, Related searches","navigational, transactional",Organic
container laboratoire alimentaire,34,34,70,2,0.62,https://www.bcm.fr/portfolio/laboratoires-analyses-alimentaires-haute-loire/,0,0,0.00,1,281000,"[63,63,45,81,100,45,18,27,100,100,100,18]",2023-06-19,"Sitelinks, Reviews, Image, Indented, Related searches",commercial,Organic
bat construct,93,93,260,19,1.11,https://www.bcm.fr/,0,0,0.00,0.08,185000000,"[66,100,35,53,100,82,66,43,66,53,82,43]",2023-06-04,"Local pack, Reviews, Find results on, Indented",commercial,Organic
algeco tarif,28,28,70,18,0.71,https://www.bcm.fr/salle-de-classe-modulaire-quel-est-son-cout/,0,0,0.00,0.44,75100,"[15,15,11,26,42,42,15,15,42,15,15,42]",2023-06-22,"Sitelinks, Reviews, Featured snippet, Image, Indented, Related searches",informational,Organic
sanitaire de chantier,64,64,90,9,0.94,https://www.bcm.fr/toutes-les-caracteristiques-et-dimensions-dun-bungalow-de-chantier/,0,0,0.00,1,14200000,"[64,64,100,64,78,78,78,64,35,64,64,78]",2023-05-31,"Image pack, Sitelinks, Reviews, Image, People also ask, Indented, Related searches",informational,Organic
dimension vestiaire,67,67,90,16,1.52,https://www.bcm.fr/toutes-les-caracteristiques-et-dimensions-dun-bungalow-de-chantier/,0,0,0.00,1,1120000,"[82,82,41,41,52,52,52,64,64,64,52,64]",2023-06-07,"Image pack, Reviews, Featured snippet, Image, Related searches",informational,Organic
abris de chantier,36,36,140,8,0.95,https://www.bcm.fr/batiments-modulaires/cabane-de-chantier/,0,0,0.00,1,4560000,"[29,29,18,22,35,29,35,18,29,22,43,22]",2023-06-21,"Image pack, Sitelinks, Reviews, Image, Indented, Related searches",informational,Organic
préfabriquée,90,90,720,23,0.95,https://www.bcm.fr/batiments-modulaires/salle-de-classe/,0,0,0.00,0.95,1140000,"[2,31,20,1,0,100,68,68,84,100,0,0]",2023-06-19,"Image pack, Sitelinks, Reviews, Image, Video Carousel, People also ask, Indented, Related searches, See results about","informational, transactional",Organic
bulle de vente occasion,17,17,40,6,0.48,https://www.bcm.fr/batiments-modulaires/occasion/,0,0,0.00,1,3970000,"[27,36,27,18,27,36,18,27,100,18,36,18]",2023-06-05,"Local pack, Image, Ads bottom, Find results on, Indented, Related searches",commercial,Organic
bloc sanitaire préfabriqué prix,84,84,210,10,0.63,https://www.bcm.fr/batiments-modulaires/cabane-de-chantier/,0,0,0.00,1,74600,"[43,53,53,53,53,53,43,43,53,82,66,66]",2023-06-23,"Image pack, Sitelinks, Reviews, Image, Indented, Related searches",transactional,Organic
cabane chantier occasion,41,41,50,16,0.38,https://www.bcm.fr/batiments-modulaires/cabane-de-chantier/,0,0,0.00,1,99,"[42,33,19,23,23,23,23,23,23,23,23,23]",2023-06-22,"Image pack, Sitelinks, Reviews, Image, Indented, Related searches",commercial,Organic
mobil home de chantier,15,15,50,17,0.69,https://www.bcm.fr/toutes-les-caracteristiques-et-dimensions-dun-bungalow-de-chantier/,0,0,0.00,1,614000,"[45,36,36,18,36,100,27,18,36,27,81,45]",2023-06-11,"Sitelinks, Reviews, Image, People also ask, Related searches",informational,Organic
batiment prefabrique,13,13,70,7,1.53,https://www.bcm.fr/,0,0,0.00,1,52500,"[100,100,36,18,100,81,63,36,45,36,45,63]",2023-06-04,"Image pack, Reviews, Image, Related searches",informational,Organic
modulaire definition,68,68,90,39,0.00,https://www.bcm.fr/architecture-modulaire-chantier-a-veyre-monton/,0,0,0.00,0,470000,"[43,23,2,0,100,17,17,7,17,7,28,12]",2023-06-14,"Instant answer, Image pack, Reviews, People also ask, Indented, Related searches",informational,Organic
baraquement de chantier,35,35,70,11,0.90,https://www.bcm.fr/toutes-les-caracteristiques-et-dimensions-dun-bungalow-de-chantier/,0,0,0.00,1,20300,"[26,26,7,7,19,19,100,7,15,26,7,7]",2023-06-15,"Image pack, Reviews, Image, People also ask, Related searches",informational,Organic
solutions modulaires,95,95,70,17,0.87,https://www.bcm.fr/,0,0,0.00,0.48,2500000,"[28,50,100,78,64,78,35,28,50,64,35,50]",2023-06-14,"Local pack, Sitelinks, Reviews, Image, Find results on, Indented, Related searches","commercial, navigational",Organic
salle de class,35,35,110,30,0.73,https://www.bcm.fr/batiments-modulaires/salle-de-classe/,0,0,0.00,0,39500000,"[21,6,0,28,53,34,21,43,34,100,65,34]",2023-06-09,"Image pack, Sitelinks, Reviews, Image, People also ask, Indented, Related searches",informational,Organic
bungalow amenage,33,33,40,5,0.65,https://www.bcm.fr/toutes-les-caracteristiques-et-dimensions-dun-bungalow-de-chantier/,0,0,0.00,1,4410000,"[33,33,44,55,33,33,44,33,55,44,55,100]",2023-06-24,"Image pack, Reviews, Image, Indented, Related searches","informational, transactional",Organic
mobil home chantier,13,13,40,11,0.74,https://www.bcm.fr/toutes-les-caracteristiques-et-dimensions-dun-bungalow-de-chantier/,0,0,0.00,0.98,699000,"[33,44,22,33,22,33,44,44,55,55,100,22]",2023-06-14,"Image pack, Sitelinks, Reviews, Image, Related searches",informational,Organic
cabane de chantier algeco,24,24,70,16,0.70,https://www.bcm.fr/batiments-modulaires/cabane-de-chantier/,0,0,0.00,1,7820,"[27,27,36,63,100,45,100,100,100,45,36,27]",2023-06-23,"Image pack, Sitelinks, Reviews, Image, Ads bottom, Indented, Related searches",informational,Organic
construction modulable,11,11,140,43,1.63,http://www.bcm.fr/,0,0,0.00,0.96,10900000,"[53,66,66,23,35,43,28,17,23,23,28,28]",2023-06-07,"Knowledge panel, Local pack, Sitelinks, Reviews, Image, People also ask, Find results on, Indented, Related searches",informational,Local pack
location algeco habitable,33,33,70,9,1.00,https://www.bcm.fr/toutes-les-caracteristiques-et-dimensions-dun-bungalow-de-chantier/,0,0,0.00,0.52,89,"[82,64,29,29,52,41,41,52,52,29,29,23]",2023-06-04,"Reviews, Related searches",commercial,Organic
bungalow chantier occasion,61,61,140,18,0.66,https://www.bcm.fr/batiments-modulaires/occasion/,0,0,0.00,0.98,70,"[66,52,52,66,80,52,66,52,80,66,66,66]",2023-06-16,"Local pack, Reviews, Image, Find results on, Indented, Related searches",commercial,Organic
cabane modulable,9,9,40,2,0.17,https://www.bcm.fr/batiments-modulaires/cabane-de-chantier/,0,0,0.00,1,179000,"[7,7,7,7,7,42,42,42,7,7,7,7]",2023-06-14,"Image pack, Reviews, Image, Video Carousel, Indented, Related searches",informational,Organic
tarif location bungalow chantier,57,57,50,6,0.88,https://www.bcm.fr/batiments-modulaires/cabane-de-chantier/,0,0,0.00,0.48,154000,"[19,19,15,7,19,15,19,15,19,19,26,26]",2023-06-09,"Reviews, Indented, Related searches","commercial, informational",Organic
carrosserie varenne,42,42,110,24,0.00,https://www.bcm.fr/portfolio/bureaux-carrosserie-varenne-issoire/,0,0,0.00,0.01,75500,"[42,65,34,26,42,26,53,42,42,34,53,53]",2023-06-11,"Knowledge panel, Image pack, Sitelinks, Image, Indented",navigational,Organic
bungalow algeco,73,73,110,19,1.03,https://www.bcm.fr/batiments-modulaires/vestiaires-et-sanitaires/,0,0,0.00,0.99,90,"[100,82,82,64,82,64,64,52,64,82,64,82]",2023-06-22,"Image pack, Reviews, Image, Indented, Related searches",commercial,Organic
solution modulaire,25,25,170,22,0.87,https://www.bcm.fr/,0,0,0.00,0.48,5120000,"[52,80,100,100,100,100,80,52,80,100,66,66]",2023-06-24,"Local pack, Image pack, Sitelinks, Reviews, Image, Find results on, Indented, Related searches","commercial, navigational",Organic
prix d un algeco,38,38,110,19,0.54,https://www.bcm.fr/salle-de-classe-modulaire-quel-est-son-cout/,0,0,0.00,0.44,132000,"[64,64,78,78,78,78,78,64,64,50,78,100]",2023-06-16,"Reviews, Featured snippet, Image, Indented, Related searches",transactional,Organic
construction préfabriquée,25,25,110,15,1.05,https://www.bcm.fr/,0,0,0.00,0.96,415000,"[100,82,52,82,52,64,64,52,52,64,82,82]",2023-06-15,"Knowledge panel, Local pack, Reviews, Image, People also ask, Find results on, Indented, Related searches",informational,Organic
algeco bois occasion,34,34,70,15,0.66,https://www.bcm.fr/batiments-modulaires/salle-de-classe/,0,0,0.00,1,71,"[64,52,29,29,29,52,52,52,23,52,52,64]",2023-06-02,"Local pack, Reviews, Find results on, Indented, Related searches",commercial,Organic
algeco occasion toulouse,46,46,70,16,0.70,https://www.bcm.fr/,0,0,0.00,0.58,96,"[66,52,33,33,52,33,42,23,23,33,19,23]",2023-05-31,"Local pack, Sitelinks, Reviews, Ads top, Find results on, Indented, Related searches",commercial,Organic
algeco habitable,41,41,170,19,0.80,https://www.bcm.fr/batiments-modulaires/salle-de-classe/,0,0,0.00,1,94,"[29,29,29,29,36,36,29,15,23,19,19,19]",2023-06-10,"Image pack, Reviews, Image, Ads top, Indented, Related searches",commercial,Organic
algeco dimensions,67,67,50,13,0.54,https://www.bcm.fr/bcm-lentreprise/laccess/,0,0,0.00,0.21,72000,"[63,45,36,0,36,36,45,36,45,45,100,81]",2023-06-04,"Image pack, Reviews, Featured snippet, Image, People also ask, Indented, Related searches",informational,Organic
algeco lyon,64,64,50,19,3.46,https://www.bcm.fr/,0,0,0.00,0.4,78200,"[64,23,11,11,23,11,17,17,41,41,29,29]",2023-06-09,"Knowledge panel, Image pack, Sitelinks, Image, Ads bottom, People also ask, Indented, Related searches",navigational,Organic
algeco aménagé maison,73,73,110,12,0.45,https://www.bcm.fr/,0,0,0.00,1,99,"[33,42,23,42,52,80,52,52,80,80,80,80]",2023-06-04,"Image pack, Reviews, Image, Video Carousel, People also ask, Indented, Related searches",informational,Organic
base vie chantier reglementation,64,64,70,9,0.55,https://www.bcm.fr/toutes-les-caracteristiques-et-dimensions-dun-bungalow-de-chantier/,0,0,0.00,0.06,2650000,"[35,64,50,21,35,50,78,14,78,78,64,78]",2023-06-14,"People also ask, Related searches",informational,Organic
base de vie chantier,92,92,260,15,1.14,https://www.bcm.fr/toutes-les-caracteristiques-et-dimensions-dun-bungalow-de-chantier/,0,0,0.00,0.53,12500000,"[66,66,43,35,66,66,66,53,82,66,82,66]",2023-06-11,"Sitelinks, Reviews, Image, Ads bottom, People also ask, Indented, Related searches",informational,Organic
algeco location,33,33,170,28,2.47,https://www.bcm.fr/batiments-modulaires/salle-de-classe/,0,0,0.00,0.5,80900,"[65,65,65,42,53,53,53,53,100,80,65,53]",2023-06-10,"Local pack, Sitelinks, Reviews, Image, Ads bottom, Indented, Related searches",navigational,Organic
échographie issoire,20,20,70,16,0.00,https://www.bcm.fr/hopital-dissoire-un-centre-dimagerie-medicale-en-construction-modulaire/,0,0,0.00,0,83,"[0,0,0,0,78,100,64,64,78,64,78,64]",2023-06-24,"Local pack, Reviews, Image, Find results on, Indented, Related searches",commercial,Organic
bureau de chantier occasion,27,27,40,20,0.53,https://www.bcm.fr/batiments-modulaires/occasion/,0,0,0.00,0.95,6070000,"[6,8,6,6,10,10,14,8,6,6,4,6]",2023-06-09,"Local pack, Reviews, Image, Ads top, Find results on, Indented, Related searches",commercial,Organic
bungalow de chantier occasion,54,54,320,18,0.60,https://www.bcm.fr/batiments-modulaires/occasion/,0,0,0.00,1,88,"[66,44,54,54,66,81,66,54,81,81,54,54]",2023-06-16,"Local pack, Reviews, Image, Ads bottom, Find results on, Indented, Related searches",commercial,Organic
algeco de chantier,79,79,90,24,1.11,https://www.bcm.fr/batiments-modulaires/cabane-de-chantier/,0,0,0.00,0.99,47000,"[81,81,45,81,81,81,63,81,81,63,81,45]",2023-06-04,"Image pack, Reviews, Image, Ads top, People also ask, Indented, Related searches",informational,Organic
roulotte de chantier occasion,59,59,260,14,0.48,https://www.bcm.fr/batiments-modulaires/cabane-de-chantier/,0,0,0.00,0.6,88,"[54,44,44,35,44,54,35,35,44,54,54,66]",2023-06-14,"Sitelinks, Reviews, Image, Indented, Related searches",commercial,Organic
algeco prix occasion,50,50,90,14,0.47,https://www.bcm.fr/batiments-modulaires/salle-de-classe/,0,0,0.00,0.38,57,"[82,82,52,64,64,52,41,41,41,29,23,29]",2023-06-18,"Reviews, Image, Indented, Related searches",transactional,Organic
modules préfabriqués,12,12,50,6,1.67,https://www.bcm.fr/,0,0,0.00,1,634000,"[18,9,0,9,9,9,81,18,100,81,100,63]",2023-06-14,"Image pack, Reviews, Indented, Related searches",commercial,Organic
architectures modulaires,14,14,210,14,1.22,https://www.bcm.fr/architecture-modulaire-chantier-a-veyre-monton/,0,0,0.00,0.09,6610000,"[0,0,0,0,81,100,54,23,44,54,54,35]",2023-06-10,"Image pack, Reviews, People also ask, Related searches",informational,Organic
donne cabane de chantier,57,57,170,14,0.43,https://www.bcm.fr/batiments-modulaires/cabane-de-chantier/,0,0,0.00,0.77,369000,"[34,34,43,53,43,34,34,34,53,65,65,53]",2023-06-15,"Image pack, Sitelinks, Reviews, Image, Ads top, Related searches",informational,Organic
algeco interieur,32,32,40,16,0.87,https://www.bcm.fr/,0,0,0.00,1,46200,"[11,11,11,11,11,11,64,11,64,64,11,11]",2023-06-14,"Image pack, Reviews, Image, People also ask, Indented, Related searches","informational, transactional",Organic
local phyto,24,24,140,8,0.48,https://www.bcm.fr/batiments-modulaires/modules-phytosanitaires/,0,0,0.00,1,6830000,"[42,42,53,26,34,34,42,53,53,100,80,100]",2023-05-30,"Image pack, Image, Indented, Related searches",informational,Organic
cabane de chantier occasion pas cher,42,42,210,15,0.36,https://www.bcm.fr/batiments-modulaires/salle-de-classe/,0,0,0.00,1,78,"[1,1,2,1,2,3,3,2,2,2,3,3]",2023-05-30,"Image pack, Reviews, Image, Indented, Related searches",informational,Organic
batiment construction,67,67,260,44,1.11,https://www.bcm.fr/,0,0,0.00,0.08,26000000,"[66,66,35,43,100,81,66,35,54,54,54,43]",2023-06-04,"Local pack, Image pack, Image, Video Carousel, People also ask, Find results on, Related searches, See results about",commercial,Organic
prix bungalow chantier,74,74,40,12,0.94,https://www.bcm.fr/batiments-modulaires/cabane-de-chantier/,0,0,0.00,1,513000,"[35,35,21,14,28,21,28,14,35,28,28,21]",2023-06-09,"Sitelinks, Reviews, Image, Indented, Related searches",transactional,Organic
prefabriquee,89,89,320,27,0.95,https://www.bcm.fr/batiments-modulaires/salle-de-classe/,0,0,0.00,0.95,1030000,"[100,72,48,0,39,88,0,0,0,2,0,0]",2023-06-18,"Knowledge panel, Image pack, Sitelinks, Reviews, Image, Video Carousel, People also ask, Indented, Related searches",informational,Organic
local phytosanitaire agricole occasion,24,24,70,4,0.35,https://www.bcm.fr/batiments-modulaires/modules-phytosanitaires/,0,0,0.00,0.23,156000,"[18,18,27,27,27,100,100,63,100,100,63,45]",2023-06-08,"Indented, Related searches",transactional,Organic
chantier structure,46,61,50,25,0.00,https://www.bcm.fr/batiments-modulaires/cabane-de-chantier/,0,0,0.00,0,18100000,"[11,11,2,11,11,2,2,2,2,2,2,2]",2023-06-25,"Knowledge panel, Sitelinks, Reviews, Image, Indented, Related searches",navigational,Organic
bungalow sanitaire prix,48,48,90,4,0.99,https://www.bcm.fr/nos-realisations/,0,0,0.00,1,479000,"[2,3,5,3,5,5,3,5,3,5,3,2]",2023-06-02,"Sitelinks, Reviews, Image, Ads bottom, Indented, Related searches",transactional,Organic
un algeco,98,98,260,41,1.50,https://www.bcm.fr/salle-de-classe-modulaire-quel-est-son-cout/,0,0,0.00,0.06,210000,"[81,100,81,65,100,100,81,65,81,81,81,81]",2023-06-16,"Knowledge panel, Image pack, Sitelinks, Reviews, Featured snippet, People also ask, Indented, Related searches",informational,Organic
clim pour algeco,49,49,40,6,0.75,https://www.bcm.fr/batiments-modulaires/salle-de-classe/,0,0,0.00,1,92,"[7,42,42,7,7,7,7,7,7,7,7,7]",2023-06-07,"Image pack, Reviews, Image, Indented, Related searches",informational,Organic
laboratoire de transformation en kit,12,12,50,3,0.41,https://www.bcm.fr/laboratoire-prefabrique/,0,0,0.00,0.38,1940000,"[100,18,36,18,45,18,100,18,100,100,36,27]",2023-06-04,"Sitelinks, Reviews, Image, Ads bottom, Indented, Related searches",informational,Organic
bureau bungalow,8,8,40,7,1.17,https://www.bcm.fr/nos-realisations/,0,0,0.00,1,8520000,"[18,18,18,18,27,36,27,36,36,36,36,100]",2023-06-24,"Knowledge panel, Image pack, Reviews, Image, Ads top, Ads bottom, Video Carousel, Indented, Related searches",informational,Organic
cabane de chantier occasion bretagne,35,0,40,2,0.42,https://www.bcm.fr/,0,0,0.00,0.31,89,"[22,44,33,33,55,55,55,44,22,22,33,55]",2023-06-24,"Image pack, Sitelinks, Reviews, Image, Related searches",informational,Organic
espace modulaire france,21,21,40,23,0.00,https://www.bcm.fr/,0,0,0.00,0.01,3770000,"[18,18,18,18,100,100,18,18,18,18,18,18]",2023-06-07,"Knowledge panel, Image pack, Reviews, Image, FAQ, Indented",navigational,Organic
bureau modulable,65,65,1900,24,0.95,https://www.bcm.fr/batiments-modulaires/bureaux/,0,0,0.00,1,6810000,"[44,44,66,80,52,52,66,52,80,66,66,52]",2023-06-22,"Image pack, Sitelinks, Reviews, Image, Video Carousel, Indented, Related searches","informational, transactional",Organic
batiments modulaire,12,12,170,39,2.44,http://www.bcm.fr/,0,0,1.00,1,5240000,"[23,36,36,23,15,19,19,23,12,36,36,44]",2023-05-31,"Local pack, Image pack, Sitelinks, Reviews, Ads bottom, People also ask, Find results on, Indented, Related searches",informational,Local pack
bcm rambervillers,80,80,110,19,0.00,https://www.bcm.fr/,0,0,0.00,0,81,"[80,66,66,66,66,52,52,42,52,42,52,66]",2023-06-20,"Knowledge panel, Image pack, Reviews, Indented",navigational,Organic
local phytosanitaire pas cher,13,13,40,4,0.91,https://www.bcm.fr/batiments-modulaires/modules-phytosanitaires/,0,0,0.00,1,92100,"[18,18,18,18,18,18,100,27,45,36,81,45]",2023-06-25,"Image, Related searches",commercial,Organic
batiment en construction,64,64,210,39,1.39,https://www.bcm.fr/,0,0,0.00,0.03,28600000,"[65,65,81,43,43,81,81,81,53,65,81,53]",2023-05-29,"Local pack, Image pack, Indented, Related searches",commercial,Organic
salles de classe,49,49,140,21,0.73,https://www.bcm.fr/batiments-modulaires/salle-de-classe/,0,0,0.00,0,32400000,"[1,26,4,9,17,11,21,14,11,32,21,11]",2023-06-19,"Image pack, Sitelinks, Reviews, Image, People also ask, Related searches",informational,Organic
algeco amenage,95,95,70,22,0.76,https://www.bcm.fr/,0,0,0.00,0.99,36700,"[0,77,100,55,55,100,77,55,77,77,77,77]",2023-06-09,"Image pack, Reviews, Image, People also ask, Indented, Related searches","informational, transactional",Organic
bungalow sanitaires,49,49,90,7,1.46,https://www.bcm.fr/batiments-modulaires/vestiaires-et-sanitaires/,0,0,0.00,1,2530000,"[50,50,21,35,78,100,100,50,78,50,100,78]",2023-06-09,"Knowledge panel, Sitelinks, Reviews, Image, Ads top, Ads bottom, Indented, Related searches","commercial, informational",Organic
scanner issoire,35,35,110,21,0.00,https://www.bcm.fr/hopital-dissoire-un-centre-dimagerie-medicale-en-construction-modulaire/,0,0,0.00,0,235000,"[64,52,52,64,64,64,64,52,82,82,100,82]",2023-06-16,"Local pack, Sitelinks, Reviews, People also ask, Find results on, Indented, Related searches",commercial,Organic
espace modulaire,7,7,110,29,1.39,https://www.bcm.fr/,0,0,0.00,0.67,6330000,"[82,100,82,41,23,82,100,82,64,100,41,100]",2023-06-01,"Local pack, Image pack, Reviews, Image, People also ask, Find results on, Indented, Related searches",commercial,Organic
algeco bureaux,28,28,90,17,1.58,https://www.bcm.fr/portfolio/bureaux-en-location-correze/,0,0,0.00,1,117000,"[64,64,64,41,29,41,52,41,41,52,41,41]",2023-05-30,"Image pack, Reviews, Image, People also ask, Indented, Related searches","navigational, transactional",Organic
bungalow bureau occasion,37,37,110,12,0.91,https://www.bcm.fr/batiments-modulaires/occasion/,0,0,0.00,1,86,"[41,82,52,52,64,64,82,64,82,82,100,82]",2023-06-21,"Reviews, Image, Indented, Related searches",commercial,Organic
algeco bungalow,81,81,90,14,0.97,https://www.bcm.fr/batiments-modulaires/salle-de-classe/,0,0,0.00,1,86,"[45,18,100,36,100,100,100,63,100,100,81,100]",2023-06-10,"Reviews, Image, Indented, Related searches",commercial,Organic
roulotte de chantier prix,84,84,90,10,0.42,https://www.bcm.fr/batiments-modulaires/cabane-de-chantier/,0,0,0.00,0.98,142000,"[50,50,35,35,64,64,64,64,78,100,78,78]",2023-06-11,"Sitelinks, Reviews, Image, Related searches",transactional,Organic
modulaire group,85,85,90,44,1.30,https://www.bcm.fr/,0,0,0.00,0.02,2700000,"[66,42,33,33,33,33,33,52,33,42,33,52]",2023-05-31,"Knowledge panel, Local pack, Sitelinks, Reviews, Indented, Related searches",navigational,Organic
bungalows chantier,14,14,90,16,1.44,https://www.bcm.fr/toutes-les-caracteristiques-et-dimensions-dun-bungalow-de-chantier/,0,0,0.00,1,2830000,"[65,53,19,19,53,26,19,7,42,7,26,42]",2023-06-21,"Local pack, Image pack, Reviews, Ads top, Video Carousel, People also ask, Find results on, Indented, Related searches",informational,Organic
bureau préfabriqué occasion,5,5,40,7,0.80,https://www.bcm.fr/batiments-modulaires/occasion/,0,0,0.00,1,85,"[27,18,18,27,36,27,27,18,100,36,81,18]",2023-06-15,"Local pack, Reviews, Image, Find results on, Indented, Related searches",commercial,Organic
locaux technique,51,51,170,18,0.91,https://www.bcm.fr/batiments-modulaires/locaux-techniques/,0,0,0.00,0.15,98000000,"[66,54,35,29,22,22,100,10,18,14,22,18]",2023-06-20,"Knowledge panel, Reviews, Featured snippet, People also ask, Indented, Related searches",informational,Organic
baraques de chantier,43,43,70,13,0.90,https://www.bcm.fr/toutes-les-caracteristiques-et-dimensions-dun-bungalow-de-chantier/,0,0,0.00,1,1510000,"[78,64,64,50,50,50,35,50,28,64,35,50]",2023-06-04,"Image pack, Sitelinks, Reviews, Image, People also ask, Indented, Related searches",informational,Organic
carrosserie varenne issoire,27,27,110,23,0.00,https://www.bcm.fr/portfolio/bureaux-carrosserie-varenne-issoire/,0,0,0.00,0,85,"[35,43,35,28,35,28,17,17,23,17,28,17]",2023-06-19,"Knowledge panel, Image pack, Sitelinks, Reviews, Indented",navigational,Organic
cabane de chantier d occasion,47,47,40,17,0.51,https://www.bcm.fr/batiments-modulaires/occasion/,0,0,0.00,0.98,706000,"[4,22,4,4,18,22,14,6,4,0,0,0]",2023-06-24,"Sitelinks, Reviews, Image, Indented, Related searches",informational,Organic
batiments modulaires,60,60,480,37,2.64,http://www.bcm.fr/,0,0,0.00,1,70300,"[39,39,26,26,26,39,26,59,88,88,100,72]",2023-06-15,"Local pack, Sitelinks, Reviews, Ads bottom, Find results on, Indented, Related searches",informational,Local pack
maison modulaire occasion,54,54,70,15,0.38,https://www.bcm.fr/batiments-modulaires/occasion/,0,0,0.00,1,728000,"[18,18,45,100,36,27,45,63,100,100,100,100]",2023-06-10,"Local pack, Reviews, Image, Find results on, Indented, Related searches",commercial,Organic
location bungalows de chantier,65,65,70,11,3.46,https://www.bcm.fr/toutes-les-caracteristiques-et-dimensions-dun-bungalow-de-chantier/,0,0,0.00,0.51,211000,"[11,17,0,11,100,64,41,52,64,41,52,23]",2023-06-09,"Local pack, Reviews, Image, Ads bottom, Find results on, Related searches",commercial,Organic
container de chantier,98,98,210,4,0.99,https://www.bcm.fr/toutes-les-caracteristiques-et-dimensions-dun-bungalow-de-chantier/,0,0,0.00,1,3040000,"[80,80,80,53,100,80,65,53,100,80,80,100]",2023-06-04,"Image pack, Reviews, Image, Indented, Related searches",informational,Organic
cabanes de chantier occasion,17,17,90,20,0.40,https://www.bcm.fr/batiments-modulaires/cabane-de-chantier/,0,0,0.00,1,177000,"[100,65,9,21,15,28,15,12,9,15,15,21]",2023-06-11,"Local pack, Sitelinks, Reviews, Image, Find results on, Indented, Related searches",commercial,Organic
algeco pas cher,32,32,50,20,0.66,https://www.bcm.fr/bcm-lentreprise/laccess/,0,0,0.00,1,93,"[63,45,36,27,45,36,27,18,100,100,36,27]",2023-06-14,"Local pack, Reviews, Image, Find results on, Related searches",commercial,Organic
construction modulaire bois,77,77,210,16,0.92,https://www.bcm.fr/,0,0,0.00,1,4400000,"[35,35,35,28,44,28,23,23,44,35,44,35]",2023-06-14,"Local pack, Sitelinks, Reviews, Image, Indented, Related searches",commercial,Organic
cabane de chantier d'occasion,34,34,70,14,0.51,https://www.bcm.fr/batiments-modulaires/cabane-de-chantier/,0,0,0.00,0.98,551000,"[1,4,3,4,5,8,5,5,4,4,4,2]",2023-06-12,"Sitelinks, Reviews, Image, Ads top, Ads bottom, Indented, Related searches",commercial,Organic
dimension algeco,36,35,320,13,0.50,https://www.bcm.fr/bcm-lentreprise/laccess/,0,0,0.00,0.19,98800,"[66,35,54,35,54,54,54,35,54,81,81,81]",2023-06-25,"Image pack, Reviews, Featured snippet, Image, Ads bottom, People also ask, Indented, Related searches",informational,Organic
corimec,28,28,70,10,0.00,https://www.bcm.fr/toutes-les-caracteristiques-et-dimensions-dun-bungalow-de-chantier/,0,0,0.00,0,96,"[28,28,12,5,5,23,28,17,23,17,35,23]",2023-06-09,"Local pack, Image pack, Sitelinks, Reviews, Find results on, Indented, Related searches","informational, navigational",Organic
vestiaire sportif,17,17,210,11,1.48,https://www.bcm.fr/portfolio/vestiaires-sportifs/,0,0,0.00,1,2340000,"[65,65,65,53,100,65,65,53,65,65,65,81]",2023-06-10,"Local pack, Image pack, Reviews, Image, Video Carousel, Find results on, Indented, Related searches",informational,Organic
hauteur algeco,22,22,40,9,0.61,https://www.bcm.fr/bcm-lentreprise/laccess/,0,0,0.00,0.34,26100,"[28,21,14,14,14,14,28,28,35,28,28,50]",2023-06-24,"Image pack, Reviews, Featured snippet, Image, People also ask, Indented, Related searches",informational,Organic
algeco bardage bois,14,14,110,11,0.99,https://www.bcm.fr/batiments-modulaires/salle-de-classe/,0,0,0.00,1,98,"[82,64,52,64,64,82,82,52,64,82,82,64]",2023-06-22,"Image pack, Reviews, Image, Related searches",informational,Organic
maison bloc modulaire,98,98,40,12,0.45,https://www.bcm.fr/,0,0,0.00,1,1810000,"[12,7,5,5,7,10,23,5,5,10,12,10]",2023-05-31,"Sitelinks, Reviews, Image, Ads bottom, Shopping ads, People also ask, Indented, Related searches",informational,Organic
cabinet radiologie issoire,32,32,110,32,0.00,https://www.bcm.fr/hopital-dissoire-un-centre-dimagerie-medicale-en-construction-modulaire/,0,0,0.00,0,77,"[64,82,64,52,82,64,64,64,64,82,64,64]",2023-05-31,"Local pack, Sitelinks, Reviews, Image, Find results on, Indented, Related searches",commercial,Organic
algeco prix m2,19,19,40,18,0.77,https://www.bcm.fr/salle-de-classe-modulaire-quel-est-son-cout/,0,0,0.00,0.53,51100,"[7,19,15,11,19,11,15,15,15,11,11,11]",2023-06-10,"Sitelinks, Reviews, Image, People also ask, Indented, Related searches",transactional,Organic
type de construction,82,82,140,29,0.00,https://www.bcm.fr/,0,0,0.00,0.01,2130000000,"[52,52,23,33,66,66,80,52,80,80,66,52]",2023-06-21,"Sitelinks, Reviews, Featured snippet, Image, Video Carousel, People also ask, Indented, Related searches",informational,Organic
algeco logo,36,36,50,17,0.00,https://www.bcm.fr/bcm-lentreprise/laccess/,0,0,0.00,0,207000,"[64,78,35,28,50,50,50,14,21,28,21,14]",2023-06-05,"Image pack, Reviews, Image, Indented, Related searches",informational,Organic
maison de chantier,41,41,70,12,0.47,https://www.bcm.fr/batiments-modulaires/cabane-de-chantier/,0,0,0.00,1,34000000,"[64,64,29,23,41,29,41,41,23,41,64,52]",2023-05-30,"Image pack, Sitelinks, Reviews, Image, People also ask, Indented, Related searches",informational,Organic
baraque de chantier occasion,13,13,70,15,0.42,https://www.bcm.fr/batiments-modulaires/cabane-de-chantier/,0,0,0.00,0.95,96,"[35,35,64,78,64,78,78,64,50,35,35,64]",2023-06-22,"Image pack, Sitelinks, Reviews, Image, Indented, Related searches",informational,Organic
bungalow sanitaire,47,47,210,5,1.62,https://www.bcm.fr/toutes-les-caracteristiques-et-dimensions-dun-bungalow-de-chantier/,0,0,0.00,1,1100000,"[65,81,81,65,65,65,65,53,34,53,53,65]",2023-05-31,"Image pack, Sitelinks, Reviews, Image, Indented, Related searches","commercial, informational",Organic
poids bungalow chantier,8,8,40,12,0.46,https://www.bcm.fr/batiments-modulaires/cabane-de-chantier/,0,0,0.00,0.16,240000,"[55,44,22,22,55,44,33,33,44,33,44,44]",2023-06-15,"Reviews, Featured snippet, People also ask, Indented, Related searches",informational,People also ask
poids bungalow chantier,13,13,40,12,0.46,https://www.bcm.fr/toutes-les-caracteristiques-et-dimensions-dun-bungalow-de-chantier/,0,0,0.00,0.16,240000,"[55,44,22,22,55,44,33,33,44,33,44,44]",2023-06-15,"Reviews, Featured snippet, People also ask, Indented, Related searches",informational,Organic
vestiaires logo,55,55,40,25,0.00,https://www.bcm.fr/batiments-modulaires/vestiaires-et-sanitaires/,0,0,0.00,0.08,19100000,"[11,64,11,11,11,11,64,11,11,11,64,11]",2023-06-20,"Image pack, Reviews, Image, Indented, Related searches",informational,Organic
bungalow interieur,47,47,70,8,0.00,https://www.bcm.fr/toutes-les-caracteristiques-et-dimensions-dun-bungalow-de-chantier/,0,0,0.00,0.37,2310000,"[78,78,100,64,64,35,28,21,35,50,64,50]",2023-06-17,"Image pack, Reviews, Image, Video Carousel, People also ask, Indented, Related searches",informational,Organic
constructeur batiment,44,44,90,23,1.79,https://www.bcm.fr/,0,0,0.00,0.27,978000,"[29,29,23,64,17,29,64,64,23,64,41,100]",2023-05-30,"Local pack, Image pack, Reviews, Video Carousel, People also ask, Find results on, Related searches",commercial,Organic
abri de chantier occasion,25,25,50,19,0.50,https://www.bcm.fr/batiments-modulaires/cabane-de-chantier/,0,0,0.00,1,1900000,"[14,4,6,10,22,22,14,8,6,4,6,4]",2023-06-06,"Reviews, Image, Indented, Related searches",commercial,Organic
algeco définition,55,55,210,19,0.00,https://www.bcm.fr/batiments-modulaires/locaux-sociaux/,0,0,0.00,0,15500,"[53,82,66,35,66,43,43,43,66,53,100,53]",2023-06-19,"Knowledge panel, Sitelinks, Reviews, People also ask, Indented, Related searches",informational,Organic
dimension d un bureau,77,77,110,14,0.00,https://www.bcm.fr/toutes-les-caracteristiques-et-dimensions-dun-bungalow-de-chantier/,0,0,0.00,0.99,90300000,"[82,64,29,52,52,82,64,64,100,82,64,82]",2023-06-11,"Reviews, Featured snippet, Image, People also ask, Related searches",informational,Organic
access batiment,15,15,320,21,0.00,https://www.bcm.fr/bcm-lentreprise/laccess/,0,0,0.00,0.01,2300000,"[100,82,66,53,82,82,100,66,82,82,66,66]",2023-06-12,"Local pack, Image pack, Reviews, Find results on, Indented, Related searches",commercial,Organic
prefabrique ecole,11,11,50,7,1.84,https://www.bcm.fr/batiments-modulaires/salle-de-classe/,0,0,0.00,0.62,35300,"[5,5,5,5,28,28,28,5,5,28,5,17]",2023-05-30,"Knowledge panel, Image pack, Reviews, Ads bottom, People also ask, Indented, Related searches",informational,Organic
prefabrique ecole,12,12,50,7,1.84,https://www.bcm.fr/salle-de-classe-modulaire-quel-est-son-cout/,0,0,0.00,0.62,35300,"[5,5,5,5,28,28,28,5,5,28,5,17]",2023-05-30,"Knowledge panel, Image pack, Reviews, Ads bottom, People also ask, Indented, Related searches",informational,Organic
algéco occasion,46,46,260,19,0.64,https://www.bcm.fr/batiments-modulaires/salle-de-classe/,0,0,0.00,0.63,5310,"[4,4,4,4,5,100,5,3,4,55,3,5]",2023-06-24,"Local pack, Reviews, Image, Find results on, Related searches",commercial,Organic
algeco modulaire,22,22,70,19,1.21,https://www.bcm.fr/,0,0,0.00,1,26300,"[36,36,27,27,100,100,100,100,100,45,100,27]",2023-06-09,"Knowledge panel, Image pack, Sitelinks, Reviews, Image, Ads top, Ads bottom, Shopping ads, Indented, Related searches","informational, transactional",Organic
la construction .fr,94,94,70,59,0.47,https://www.bcm.fr/,0,0,0.00,0.22,1590000,"[0,0,0,0,0,0,0,0,0,100,53,28]",2023-06-15,"Knowledge panel, Sitelinks, Reviews, Video Carousel, People also ask, Indented",navigational,Organic
cabane container,74,74,90,2,0.48,https://www.bcm.fr/batiments-modulaires/cabane-de-chantier/,0,0,0.00,1,931000,"[64,35,64,78,35,50,64,64,78,50,64,78]",2023-06-07,"Image pack, Reviews, Image, Indented, Related searches",informational,Organic
hopital d'issoire,71,71,110,30,0.00,https://www.bcm.fr/hopital-dissoire-un-centre-dimagerie-medicale-en-construction-modulaire/,0,0,0.00,0,271000,"[0,0,0,0,65,100,65,65,53,65,65,42]",2023-06-20,"Knowledge panel, Sitelinks, Reviews, FAQ, Indented, Related searches",navigational,Organic
bureau dimension standard,77,77,90,14,0.48,https://www.bcm.fr/toutes-les-caracteristiques-et-dimensions-dun-bungalow-de-chantier/,0,0,0.00,1,31300000,"[52,42,52,42,42,52,52,52,42,42,42,66]",2023-06-01,"Image pack, Reviews, Image, People also ask, Indented, Related searches",informational,Organic
taille d un conteneur en m2,76,76,110,13,0.18,https://www.bcm.fr/toutes-les-caracteristiques-et-dimensions-dun-bungalow-de-chantier/,0,0,0.00,0.12,257000,"[52,52,52,52,33,52,52,42,42,52,100,100]",2023-06-10,"Image pack, Reviews, Featured snippet, People also ask, Indented, Related searches",informational,Organic
vestiaire chantier,19,19,70,4,2.23,https://www.bcm.fr/batiments-modulaires/vestiaires-et-sanitaires/,0,0,0.00,1,1470000,"[29,64,29,23,23,64,29,64,29,64,64,52]",2023-05-30,"Image pack, Sitelinks, Reviews, Image, Ads bottom, Shopping ads, Indented, Related searches","commercial, informational",Organic
salle de classe lycée,89,89,390,30,0.00,https://www.bcm.fr/batiments-modulaires/salle-de-classe/,0,0,0.00,0,12900000,"[66,54,44,54,66,66,54,44,54,66,81,66]",2023-06-12,"Image pack, Reviews, People also ask, Indented, Related searches",informational,Organic
bungalow bureau prix,17,17,40,10,1.38,https://www.bcm.fr/nos-realisations/,0,0,0.00,1,3150000,"[15,15,15,7,15,15,19,7,19,19,15,7]",2023-06-09,"Sitelinks, Reviews, Image, Ads bottom, Indented, Related searches",transactional,Organic
location bungalow de chantier,90,90,110,12,3.46,https://www.bcm.fr/toutes-les-caracteristiques-et-dimensions-dun-bungalow-de-chantier/,0,0,0.00,0.51,509000,"[64,100,50,64,78,100,78,78,78,64,78,50]",2023-06-17,"Local pack, Image pack, Reviews, Image, Find results on, Indented, Related searches",commercial,Organic
salle classe,69,69,90,36,0.00,https://www.bcm.fr/batiments-modulaires/salle-de-classe/,0,0,0.00,0,65900000,"[78,64,35,35,100,64,64,50,78,50,78,50]",2023-06-15,"Image pack, Reviews, Image, People also ask, Indented, Related searches",informational,Organic
module algeco,20,20,90,26,0.87,https://www.bcm.fr/bcm-lentreprise/laccess/,0,0,0.00,0.98,58800,"[50,64,35,64,64,64,78,64,78,78,78,64]",2023-06-18,"Image pack, Sitelinks, Reviews, Image, Video Carousel, People also ask, Indented, Related searches","informational, transactional",Organic
modulaire def,67,67,390,32,0.00,https://www.bcm.fr/,0,0,0.00,0,195000,"[32,39,14,9,26,72,21,14,59,88,100,17]",2023-06-12,"Instant answer, Image pack, Reviews, People also ask, Indented, Related searches",informational,Organic
algeco bureau occasion,56,56,70,13,0.80,https://www.bcm.fr/nos-realisations/,0,0,0.00,1,59,"[5,4,3,5,5,7,7,7,12,7,7,7]",2023-06-13,"Reviews, Image, Ads bottom, Indented, Related searches",commercial,Organic
bcm auto,20,20,110,28,0.00,https://www.bcm.fr/,0,0,0.00,0,9690000,"[41,64,64,82,64,52,52,82,52,82,82,41]",2023-06-18,"Local pack, Image pack, Sitelinks, Find results on, Related searches","commercial, navigational",Organic
algeco dimension,35,35,140,13,0.54,https://www.bcm.fr/bcm-lentreprise/laccess/,0,0,0.00,0.21,35900,"[80,66,52,52,66,52,66,52,66,80,100,100]",2023-06-06,"Image pack, Reviews, Featured snippet, Image, People also ask, Indented, Related searches",informational,Organic
bungalows occasion,65,65,90,17,0.49,https://www.bcm.fr/batiments-modulaires/occasion/,0,0,0.00,1,3540000,"[100,100,42,52,23,66,52,19,19,23,19,42]",2023-05-31,"Local pack, Image pack, Sitelinks, Reviews, Image, Find results on, Indented, Related searches",commercial,Organic
prefabrique modulaire,9,9,40,11,1.10,https://www.bcm.fr/,0,0,0.00,1,529000,"[18,100,18,100,18,18,18,18,18,18,18,18]",2023-06-13,"Image pack, Sitelinks, Reviews, Image, Video Carousel, Indented, Related searches",commercial,Organic
préfabriqué prix,45,45,170,23,0.82,https://www.bcm.fr/salle-de-classe-modulaire-quel-est-son-cout/,0,0,0.00,1,1760000,"[65,42,42,53,100,80,100,42,65,80,80,65]",2023-06-20,"Sitelinks, Reviews, Featured snippet, Image, People also ask, Related searches","informational, navigational",Organic
dimensions vestiaires,76,76,50,17,1.52,https://www.bcm.fr/toutes-les-caracteristiques-et-dimensions-dun-bungalow-de-chantier/,0,0,0.00,1,6830000,"[55,55,0,11,55,44,100,44,77,55,77,77]",2023-06-15,"Image pack, Sitelinks, Reviews, Featured snippet, Image, People also ask, Related searches",informational,Organic
batim construction,30,30,40,9,1.11,https://www.bcm.fr/,0,0,0.00,0.08,191000,"[36,100,0,0,63,63,36,27,36,36,27,18]",2023-06-13,"Knowledge panel, Reviews, Related searches",commercial,Organic
prix algeco 30m2,30,30,480,17,0.66,https://www.bcm.fr/salle-de-classe-modulaire-quel-est-son-cout/,0,0,0.00,0.66,64,"[54,66,54,44,54,54,66,54,81,66,81,66]",2023-06-20,"Reviews, Image, Indented, Related searches",transactional,Organic
bâtiment préfabriqué,12,12,40,19,1.53,https://www.bcm.fr/,0,0,0.00,1,768000,"[14,4,9,14,19,4,4,80,14,9,19,9]",2023-06-23,"Knowledge panel, Local pack, Reviews, Image, Find results on, Indented, Related searches",commercial,Organic
bungalow de chantier occasion prix,47,47,170,14,0.46,https://www.bcm.fr/batiments-modulaires/occasion/,0,0,0.00,0.97,82,"[42,80,42,53,65,80,65,65,80,100,80,80]",2023-06-15,"Reviews, Image, Indented, Related searches",commercial,Organic
armoire phytosanitaire agricole occasion,30,30,70,5,0.28,https://www.bcm.fr/batiments-modulaires/modules-phytosanitaires/,0,0,0.00,1,92,"[36,36,36,45,45,63,63,45,100,100,100,45]",2023-06-11,"Image, Ads bottom, Indented, Related searches",commercial,Organic
algeco sanitaire occasion,20,20,70,12,0.65,https://www.bcm.fr/batiments-modulaires/vestiaires-et-sanitaires/,0,0,0.00,0.42,66,"[64,50,28,64,64,64,64,50,64,64,64,78]",2023-06-15,"Reviews, Image, Indented, Related searches",commercial,Organic
prix d'un algeco,29,29,90,19,0.54,https://www.bcm.fr/salle-de-classe-modulaire-quel-est-son-cout/,0,0,0.00,0.44,130000,"[63,63,81,63,81,81,81,63,100,100,100,100]",2023-06-09,"Reviews, Featured snippet, Image, Indented, Related searches",navigational,Organic
location algeco bureau,13,13,140,12,2.28,https://www.bcm.fr/nos-realisations/,0,0,0.00,0.63,92,"[22,22,29,22,22,35,35,35,29,35,29,35]",2023-05-30,"Sitelinks, Reviews, Image, People also ask, Related searches",informational,Organic
algeco sanitaire,23,23,110,11,1.02,https://www.bcm.fr/batiments-modulaires/vestiaires-et-sanitaires/,0,0,0.00,1,24400,"[64,64,64,64,82,82,64,64,52,82,82,64]",2023-05-31,"Image pack, Reviews, Image, Ads bottom, Indented, Related searches",informational,Organic
algeco bois,13,13,140,18,1.02,https://www.bcm.fr/batiments-modulaires/salle-de-classe/,0,0,0.00,1,108000,"[82,82,64,82,82,64,82,52,100,82,82,82]",2023-06-08,"Image pack, Reviews, Image, People also ask, Indented, Related searches",informational,Organic
algeco sanitaire prix,43,43,40,16,0.82,https://www.bcm.fr/nos-realisations/,0,0,0.00,0.65,92,"[15,15,15,12,12,12,15,9,12,9,6,6]",2023-06-04,"Image pack, Reviews, Featured snippet, Image, Ads bottom, Indented, Related searches",commercial,Organic
dimensionnement base vie chantier,18,18,40,6,0.55,https://www.bcm.fr/toutes-les-caracteristiques-et-dimensions-dun-bungalow-de-chantier/,0,0,0.00,0.1,272000,"[11,19,11,7,15,19,19,15,19,19,15,15]",2023-06-14,"People also ask, Indented, Related searches",informational,Organic
hôpital d issoire,76,76,70,22,0.00,https://www.bcm.fr/hopital-dissoire-un-centre-dimagerie-medicale-en-construction-modulaire/,0,0,0.00,0,202000,"[0,0,0,0,0,0,80,100,100,0,0,52]",2023-06-13,"Knowledge panel, Sitelinks, Reviews, Image, FAQ, Related searches",navigational,Organic
dimensions algeco,76,76,140,16,0.50,https://www.bcm.fr/salle-de-classe-modulaire-quel-est-son-cout/,0,0,0.00,0.19,55800,"[43,100,28,17,17,28,28,17,23,35,35,53]",2023-06-21,"Image pack, Reviews, Featured snippet, Image, People also ask, Indented, Related searches",informational,Organic
algeco 40m2,90,90,110,20,0.99,https://www.bcm.fr/batiments-modulaires/salle-de-classe/,0,0,0.00,0.99,93,"[53,53,53,43,43,34,28,34,28,28,28,21]",2023-06-01,"Reviews, People also ask, Indented, Related searches",commercial,Organic
préfabriqué modulaire,7,7,40,17,1.10,https://www.bcm.fr/,0,0,0.00,1,715000,"[21,78,14,78,14,14,14,14,14,21,21,14]",2023-06-04,"Image pack, Sitelinks, Reviews, Image, Video Carousel, People also ask, Indented, Related searches",informational,Organic
cabane de chantier roulante occasion,19,19,110,16,0.30,https://www.bcm.fr/batiments-modulaires/cabane-de-chantier/,0,0,0.00,0.83,76,"[100,100,64,52,52,41,64,64,52,64,52,29]",2023-06-02,"Image pack, Reviews, Image, Indented, Related searches",informational,Organic
local phyto sanitaire,15,15,40,6,0.47,https://www.bcm.fr/batiments-modulaires/modules-phytosanitaires/,0,0,0.00,1,580000,"[0,0,100,0,0,100,14,0,0,0,0,0]",2023-06-24,"Reviews, People also ask, Indented, Related searches",informational,Organic
bungalow aménagé,22,22,110,9,0.65,https://www.bcm.fr/toutes-les-caracteristiques-et-dimensions-dun-bungalow-de-chantier/,0,0,0.00,1,374000,"[64,64,64,82,52,64,64,64,82,82,100,100]",2023-06-20,"Image pack, Reviews, Image, Indented, Related searches",informational,Organic
location vestiaire chantier,51,51,40,6,2.39,https://www.bcm.fr/batiments-modulaires/vestiaires-et-sanitaires/,0,0,0.00,1,290000,"[28,35,28,21,35,28,28,28,28,21,21,28]",2023-06-09,"Sitelinks, Reviews, Image, Ads top, Indented, Related searches",commercial,Organic
une salle de classe,68,68,90,28,0.00,https://www.bcm.fr/batiments-modulaires/salle-de-classe/,0,0,0.00,0,67300000,"[64,64,21,35,100,64,78,64,64,64,78,50]",2023-06-23,"Image pack, Sitelinks, Image, Video Carousel, People also ask, Related searches",informational,Organic
préfabriqué chantier,17,17,70,7,1.74,https://www.bcm.fr/nos-realisations/,0,0,0.00,1,380000,"[78,35,50,21,78,78,78,50,50,64,50,50]",2023-06-14,"Image pack, Sitelinks, Reviews, Image, Indented, Related searches",informational,Organic
cabane préfabriquée,38,38,70,8,0.42,https://www.bcm.fr/batiments-modulaires/cabane-de-chantier/,0,0,0.00,1,51900,"[8,0,1,4,2,2,5,0,1,1,3,4]",2023-06-07,"Image pack, Sitelinks, Reviews, Image, Shopping ads, Indented, Related searches",informational,Organic
dimensions bungalow chantier,5,5,70,11,0.54,https://www.bcm.fr/batiments-modulaires/cabane-de-chantier/,0,0,0.00,0.18,99,"[63,100,45,36,45,45,45,27,63,63,63,36]",2023-06-09,"Reviews, Featured snippet, Image, People also ask, Indented, Related searches",informational,People also ask
local phytosanitaire agricole,25,25,70,6,0.56,https://www.bcm.fr/batiments-modulaires/modules-phytosanitaires/,0,0,0.00,1,344000,"[5,3,3,5,18,5,6,18,18,23,28,8]",2023-06-19,"Image pack, People also ask, Indented, Related searches",informational,Organic
algéco de chantier,73,73,40,21,1.11,https://www.bcm.fr/batiments-modulaires/vestiaires-et-sanitaires/,0,0,0.00,0.99,88500,"[0,0,0,0,33,55,55,55,55,55,100,55]",2023-06-24,"Image pack, Sitelinks, Reviews, Image, People also ask, Indented, Related searches",commercial,Organic
location cabane de chantier,13,13,90,17,0.90,https://www.bcm.fr/batiments-modulaires/cabane-de-chantier/,0,0,0.00,0.82,2480000,"[64,78,50,50,50,64,78,64,50,100,78,64]",2023-06-01,"Knowledge panel, Sitelinks, Reviews, Image, Indented, Related searches",commercial,Organic
echographie issoire,22,22,110,18,0.00,https://www.bcm.fr/hopital-dissoire-un-centre-dimagerie-medicale-en-construction-modulaire/,0,0,0.00,0,68,"[100,78,78,78,78,100,78,78,78,78,78,78]",2023-06-18,"Local pack, Image, Find results on, Indented, Related searches",commercial,Organic
bloc sanitaire préfabriqué,92,92,50,5,1.10,https://www.bcm.fr/batiments-modulaires/,0,0,0.00,1,70900,"[53,26,19,42,34,19,15,15,7,15,7,7]",2023-06-19,"Image pack, Reviews, Image, Indented, Related searches",informational,Organic
qu est ce qu un bungalow,34,34,40,32,0.00,https://www.bcm.fr/toutes-les-caracteristiques-et-dimensions-dun-bungalow-de-chantier/,0,0,0.00,0.02,5680000,"[34,6,6,34,6,6,6,6,6,6,6,6]",2023-06-08,"Instant answer, Knowledge panel, Reviews, People also ask, Indented, Related searches",informational,Organic
